Intitulé,Entreprise,Lieu,Salaire min,Salaire max,Salaire prédit,Secteur,Skills détectés,Description
Développeur/Développeuse,Qualis Recrutement,"Montigny-le-Bretonneux, Versailles",,,0,Unknown,," [Mission / CDI] Développeur Tableau Software – Saint-Quentin-en-Yvelines (78)  Environnement BI grand compte | Télétravail 3j/sem | Anglais opérationnel Nous recherchons un(e) Développeur Tableau Software confirmé(e) pour prendre en charge la création de dashboards complexes à forte valeur ajoutée métier. ✔️ Excellente maîtrise de Tableau Software ✔️ Solide niveau en SQL ✔️ Anglais opérationnel obligatoire (environnement international) ✔️ Autonomie, rigueur, esprit collaboratif  Poste basé à S…"
Développeur/Développeuse,Conserto,"Bordeaux, Gironde",,,0,Unknown,,"Entreprise Authentique et engagée, notre agence bordelaise rassemble une quarantaine de collaborateurs. Ici, on allie expertise technique, convivialité et une approche humaine, avec un objectif clair : que chaque membre de l'équipe s'épanouit dans son rôle et progresse dans son parcours. Nos expertises : Ingénierie DevOps, SysOps, Cloud, développement Java, .Net, agilistes, testeurs. Nous vous proposons des projets pour nos clients, grandes DSI. Pour vous accompagner dans votre aventure consert…"
Développeur/Développeuse,Conserto,"Niort, Deux-Sèvres",,,0,Unknown,," Envie d'intégrer une entreprise experte en informatique, engagée pour l’environnement ? Cela tombe bien, votre futur poste en tant que Développeur.se Java / Full-stack est ici ! Je vous propose de rejoindre l’agence Niortaise de Conserto  Pourquoi Niort ? Une ville où il fait bon vivre ! Un cadre de vie agréable : la ville à la campagne à 50min de route de l'océan. Un ville centrale, à 2h de Paris en train, 1h30 de Bordeaux et Nantes. Des transports en commun gratuits pour tous. Un bassin d'em…"
Développeur/Développeuse,Mindquest,France,,,0,Unknown,,"Nous sommes à la recherche, pour notre client, d'un développeur Full Stack (C# .NET 8) hautement qualifié qui excelle dans la conception et le développement de produits. Le candidat idéal doit s'assurer d'une compréhension approfondie des exigences en consultant les parties prenantes concernées, faire preuve d'empathie avec les utilisateurs et produire un code qui répond aux besoins réels. Responsibilities Au sein de l'équipe, les missions seront les suivantes : Conception de produits : Collabo…"
Développeur/Développeuse,Silkhom | LUNOPA Group,France,,,0,Unknown,,"Vous rejoindrez la DSI composée de 8 personnes ( 6 développeurs, un administrateur système et réseau et le DSI). Vous interviendrez sur des projets stratégiques liés à l’interopérabilité entre opérateurs télécoms et travaillerez sur différents projets comme : - Développer et maintenir des API robustes et performantes qui permet la communication entre les SI et les parties prenantes - La création et l’évolution des outils internes : gestion des flux, monitoring ou d’outils d’aide à la production…"
Développeur/Développeuse,Groupe CEGI,France,,,0,Emplois Informatique,,"Développeur C# H/F Avez-vous envie de donner du sens à votre travail ? Si vous souhaitez : Permettre aux soignants de se concentrer sur leur métier Aider la bonne prise en charge des patients Contribuer à la révolution de la Santé Alors sortez de vos lignes de code et venez rejoindre nos équipes !  Votre profil  Créatif et autonome, vous avez suivi un cursus de développement informatique et avez une première expérience. Vous aimez le Back mais êtes sensible au Front. Vous maîtrisez C#, .Net et …"
Développeur/Développeuse,Laboratoire Nutergia,"Capdenac-Gare, Villefranche-de-Rouergue",,,0,Unknown,,"Le Laboratoire NUTERGIA , basé au cœur de la nature entre Aveyron et Lot, est un acteur majeur dans le domaine du complément alimentaire et de la santé . Pour accompagner notre développement dans un contexte fortement évolutif, nous recherchons : Un(e) Développeur(euse) Informatique F/H Producteur d’opportunités personnelles et professionnelles, l’Aveyron vous offrira une réelle qualité de vie et de travail. Vos missions Rattaché(e) au Responsable Projet Développement Informatique, votre missio…"
Développeur/Développeuse,ABEO,"Rioz, Vesoul",,,0,Unknown,,"Qui sommes nous ? ABEO est un Groupe français, côté en bourse, qui se positionne parmi les leaders mondiaux du secteur des équipements sportifs et de loisirs composé d'une cinquantaine de filiales présentes en France et à l'étranger. Le Groupe compte actuellement 1 450 salariés dans le monde, dont 440 en France. Les activités d'ABEO se répartissent en trois secteurs d'activités : Les aménagements de vestiaires Sportainment & Escalade La gymnastique et autres sports ABEO et l'ensemble de ses fil…"
Développeur/Développeuse,Emalec,France,,,0,Unknown,,"Rejoignez une équipe qui code sérieusement sans se prendre (trop) au sérieux. Le Groupe Emalec, c'est 350 collaborateurs, 60 millions d'euros de chiffre d'affaires, une présence dans 15 pays européens, et surtout une conviction : le numérique, on le fait maison. Et pour ça, on a développé notre propre écosystème applicatif : ERP Interne, applis mobiles pour techniciens, plateformes pour clients… Bref, un monde digital bien à nous, que nous bichonnons, que nous faisons évoluer et que nous faison…"
Développeur/Développeuse JAVA,Canopee,"Paris, Ile-de-France",,,0,Unknown,,"Quelques mots sur l’Empowering Ecosystem Nous sommes un cabinet de conseil multi-spécialiste. C’est dans le secteur financier que nous avons développé depuis 2009, notre agilité et nos compétences, autour de nos 3 expertises phares : Conseil Métier Finance, Data & Transformation digitale. Ici, l’empowerment est au cœur du quotidien de chacun et nous engageons notre collectif, sur une trajectoire de performance responsable, humaine et économique. Pour intégrer notre client grand compte, nous rec…"
Développeur / Développeuse C#,Canopee,"Paris, Ile-de-France",,,0,Unknown,,"Quelques mots sur l’Empowering Ecosystem Nous sommes un cabinet de conseil multi-spécialiste. C’est dans le secteur financier que nous avons développé depuis 2009, notre agilité et nos compétences, autour de nos 3 expertises phares : Conseil Métier Finance, Data & Transformation digitale. Ici, l’empowerment est au cœur du quotidien de chacun et nous engageons notre collectif, sur une trajectoire de performance responsable, humaine et économique. Pour intégrer notre client grand compte, nous rec…"
Développeur/Développeuse C#,Bloomind,France,,,0,Unknown,,"Nous recherchons notre futur.e Développeur.euse C# ! Tu rejoindras avant tout une aventure inclusive et dynamique centrée sur l'épanouissement. Tu participeras à la co-construction de Bloomind au travers de la formation, des events et surtout à la déclinaison de la philosophie de l'entreprise. Tu contribueras aux phases de conception / déploiement / maintenance des projets de nos partenaires. Le mouton à 5 pattes n'existe pas, nous recherchons avant tout une personne capable, motivée et curieus…"
Développeur/Développeuse,Manpower,France,,,0,Unknown,,"Vous êtes passionné(e) par le développement et recherchez un environnement industriel stimulant, où vos compétences auront un véritable impact ? ​ Manpower Conseil Recrutement Toulouse accompagne son client, un acteur majeur du secteur aéronautique, fort de plus de 1 000 collaborateurs, dans sa croissance. Dans le cadre du renforcement de son équipe informatique, nous recrutons un(e) : Développeur Windev ( H/F ) CDI Toulouse (31) ​ Les missions Intégré(e) au sein d’une équipe dynamique de dével…"
Développeur/Développeuse,A5sys,"Saint-Herblain, Nantes",,,0,Unknown,,"En tant que Développeur Data et IA, vous serez un acteur clé de nos projets, avec des responsabilités variées et stimulantes : Ingénierie des Données : Participer à la conception, au développement et à la maintenance de pipelines de données (collecte, traitement ETL/ELT, stockage). Préparer, nettoyer et optimiser les données pour les analyses et pour l'alimentation des modèles d'IA. Contribuer à la gestion et à l'évolution de nos infrastructures de données. Développement IA : Collaborer au déve…"
Développeur Scala/Développeuse Scala,eXalt IT,"Ile-de-France, France",,,0,Unknown,,"DESCRIPTIF DU POSTE : eXalt IT , spécialisée sur les métiers du Software Engineering, forte d’une communauté de 100 développeurs, recherche son/sa nouveau/elle Développeur/se Scala , pour aller à la conquête de nouveaux projets techniques ! Mais qui sommes-nous ?! Des passionnés de code propre, de bonnes pratiques et l’envie de progresser en continu. Des gens qui parlent TDD, DDD, multithreading, architecture hexagonale ou microservices… et qui t’écoutent quand tu en parles aussi. ✨ Ici, on cul…"
Développeur Dotnet/Développeuse Dotnet,Everyware - Expert recrutement tech,"Blois, Loir-et-Cher",,,0,Unknown,,"Je recrute pour un des leaders de la protection sociale, qui s'engage à offrir à ses clients des solutions innovantes et des services de haute qualité pour répondre à leurs besoins complexes. Avec plus de 3000 collaborateurs et 200 milliards d'actifs gérés, plus de 10 millions de personnes sont concernées par leurs services. En tant qu'Ingénieur études et Développement .Net / C#, vous vous assurez que les logiciels développés répondent de manière optimale aux besoins d'informatisation du Métier…"
Développeur informatique/Développeuse informatique,Pact&Go,"Montpellier, Hérault",,,0,Unknown,,"Nous recherchons un(e) Développeuse Back-End (Nest.JS) avec possibilité d'intervenir en front (sur Angular) pour l'un de nos clients, une ESN locale sur Montpellier, à taille humaine, et réputée depuis près de 20 ans. Contexte : Vous rejoindrez leur équipe développement composée d’environ 40 développeurs. Vous interviendrez dans un projet en pleine conception dans le domaine de la prévention et de la santé, avec une équipe de dix personnes (Développeurs, chef de projet, ingénieur DevOps…) en ce…"
Développeur web/Développeuse web,Groupe all,France,,,0,Unknown,React,"Centrale d’achats et de services dédiés aux opticiens, groupe leader des opticiens indépendants en France et en Belgique avec plus de 2000 adhérents. Nous construisons des solutions adaptées à chacun de nos opticiens pour les accompagner dans le développement de leur clientèle. Pour renforcer nos équipes, nous recherchons un développeur Web expérimenté (H/F).  Votre mission de Développeur Web À notre siège à Mons-en-baroeul, nous recherchons un développeur web PHP, Symfony, React.js (NextJs). E…"
Développeur web/Développeuse web,eXalt IT,"Ile-de-France, France",,,0,Unknown,,"Développeur Full Stack Java/Shell Descriptif du poste : eXalt IT, spécialisée sur les métiers du Software Engineering, forte d’une communauté de 100 développeurs, recherche son/sa nouveau/elle Développeur/se Full Stack Java / Shell , pour aller à la conquête de nouveaux projets techniques ! Mais qui sommes-nous ?! Des passionnés de code propre, de bonnes pratiques et l’envie de progresser en continu. Des gens qui parlent TDD, DDD, multithreading, architecture hexagonale ou microservices… et qui…"
Développeur web/Développeuse web,Challenge Recrutement,"Toulouse, Haute-Garonne",,,0,Emplois Informatique,,"La société : Notre client est une société spécialisée dans le développement d’un logiciel de GMAO pour des clients très diversifiés et regroupant une dizaine de collaborateurs sur 2 sites. Depuis 2 ans et la sortie d’un nouveau logiciel, elle connaît une belle croissance et propose de nouvelles solutions à ses clients. C’est dans ce contexte de forte croissance et afin de renforcer les équipes au service exploitation, que nous recherchons un Développeur Full Stack H/F qui pourra appuyer le déve…"
Développeur/Développeuse PHP/Symfony,Bloomind,France,,,0,Unknown,,"Nous sommes à la recherche de notre futur.e développeur.euse PHP / Symfony / VueJS / Flutter pour rejoindre notre équipe dynamique et inclusive au sein de Bloomind ! Chez Bloomind, nous mettons l'accent sur l'épanouissement de nos collaborateurs. Pour cela, tu participeras à la co-construction de l'entreprise à travers la formation, les events et surtout la déclinaison de la philosophie Bloomind. En tant que développeur.se, tu auras l'opportunité de contribuer à la phase de conception, de dével…"
Développeur Dotnet/Développeuse Dotnet,PROXIAD,"Tassin-la-Demi-Lune, Lyon",,,0,Unknown,,"Dans le cadre de notre développement, nous recrutons pour intégrer notre équipe située à Tassin (69) un : Analyste Développeur C# (H/F) Vos missions, si vous les acceptez : Rattaché au chef de projet référent, le candidat aura pour missions : Sur le pôle Capital Investissement : L’analyse technique et le développement de nouvelles fonctionnalités La rédaction des cas de tests et la réalisation des tests La maintenance opérationnelle Le maintien de la documentation Sur le pôle Instruction Affact…"
Développeur Python/Développeuse Python,eXalt IT,"Ile-de-France, France",,,0,Unknown,Python,"Descriptif du poste : eXalt IT, spécialisée sur les métiers du Software Engineering, forte d’une communauté de 100 développeurs, recherche son/sa nouveau/elle Développeur/se Confirmé.e / Senior Python, pour aller à la conquête de nouveaux projets techniques ! Mais qui sommes-nous ?! Des passionnés de code propre, de bonnes pratiques et l’envie de progresser en continu. Des gens qui parlent TDD, DDD, multithreading, architecture hexagonale ou microservices… et qui t’écoutent quand tu en parles a…"
Développeur Python/Développeuse Python,Néosoft,"Rennes, Ille-et-Vilaine",,,0,Emplois Informatique,,"Groupe indépendant de conseil en transformation digitale de près de 1800 collaborateurs, Néosoft s'est construit, depuis 2005, sur un modèle qui place l'excellence, le dépassement de soi et la RSE au coeur de sa stratégie. En nous rejoignant, vous intégrez des communautés d'experts et de talents qui vous permettent de développer vos compétences et d'offrir à nos clients le meilleur accompagnement possible. Notre savoir-faire s'articule autour de nos 6 domaines d'expertise : - Conseil & Agilité …"
Développeur Python/Développeuse Python,SKOTT GROUP,"Ile-de-France, France",,,0,Unknown,,"▶ Qui sommes-nous ? ➡ SKOTT GROUP est un cabinet de conseil spécialisé dans l’accompagnement de ses clients et consultants dans le domaine de la DATA. Fondé par une équipe d’associés partageant les mêmes valeurs d’Excellence et de Transparence, nous plaçons l’humain au cœur de nos activités.  ➡ Nous vous offrons à nos clients un accompagnement professionnel et de qualité tout au long du cycle de vie de leurs données dans divers domaines.  ➡️ Au sein de nos quatre filiales spécialisées, nous pro…"
Développeur/Développeuse Java-Angular,Sogeti,"Nantes, Loire-Atlantique",,,0,Unknown,,Vous êtes Développeurse/Développeur fullstack Java/Angular avec 3 ans d’expérience minimum ? Vous avez l’impression de stagner professionnellement car vous avez fait le tour sur votre projet ? Ou les formations-certifications que l’on vous propose ne correspondent pas à vos envies ? Vous n’avez pas de suivi régulier sur votre mission ? Vous avez l’impression que votre travail n’est pas reconnu et que vous « n’êtes qu’un numéro » ? Alors REJOIGNEZ-NOUS et lisez la suite pour en savoir plus ! Pou…
Développeur PHP/Développeuse PHP,Manpower France,"Caen, Calvados",,,0,Unknown,,"Envie de rejoindre la DSI d'un client final spécialisé dans la vente en ligne basé à côté de Caen ? Je recrute un Développeur Full-stack PHP en CDI. Rattaché à la direction et sous la responsabilité du Responsable SI, vous participez à l'élaboration de projets de développement et apportez les solutions techniques adaptées. Vos missions: - Participer aux développements full-stack des sites web de manière agile (back et front) - Développer de nouvelles fonctionnalités et évolutions de sites ou ap…"
Développeur Dotnet/Développeuse Dotnet,Lùkla,"Ile-de-France, France",,,0,Unknown,React,"Lùkla recherche des collaborateurs et collaboratrices passionnés par les nouvelles technologies pour intégrer notre équipe à Paris. Si vous êtes développeurs Full Stack .NET & Angular ou React Js, cette opportunité est faite pour vous ! Dans le cadre de développement d'applications dans le secteur Banque ou Energie, vous interviendrez sur des architectures Cloud, DDD, Microservices en environnement CI/CD/DevOps pour mettre en oeuvre vos connaissances sur la stack technique suivante : - Backend …"
Développeuse / Développeur Cloud en alternance,Capgemini,"Rennes, Ille-et-Vilaine",,,0,Unknown,,"Développeuse / Développeur Cloud en alternance Choisir Capgemini, c'est choisir une entreprise où vous serez en mesure de façonner votre carrière selon vos aspirations. Avec le soutien et l'inspiration d'une communauté d’experts dans le monde entier, vous pourrez réécrire votre futur. Rejoignez-nous pour redéfinir les limites de ce qui est possible, contribuer à libérer la valeur de la technologie pour les plus grandes organisations et participer à la construction d’un monde plus durable et inc…"
Développeur Dotnet/Développeuse Dotnet,Synanto,"Montpellier, Hérault",,,0,Emplois Informatique,,"Dans le cadre de nos activités, nous sommes à la recherche d'un développeur Fullstack .Net Angular (H/F) Les missions principales: Analyse, conception de la solution technique Développement de nouveaux modules sur l'application Maintenance corrective et évolutive des modules applicatifs existants Réalisation et participation aux tâches liées à la méthodes Agile. Respect des contraintes de développement: procédures internes, conventions, tests unitaire  Profil recherché: Posséder de fortes compé…"
Développeur web/Développeuse web,ManpowerGroup,"Reims, Marne",,,0,Emplois Droit,,"Le client Manpower conseil recrutement accompagne une entreprise, spécialisée dans le digitale de distribution et de gestion en Assurance Emprunteur, dans le recrutement de son futur Développeur Web Back-End H/F . Cette société participe à de nouveaux projets passionnants pour renouveler leur patrimoine applicatif sur des technologies innovantes. Les missions Vous souhaitez rejoindre une PME en pleine croissance et innovante dans un contexte super dynamique ? Vous avez envie d'un environnement …"
Développeur/Développeuse Java Senior,Bloomind,France,,,0,Unknown,,"Nous recherchons notre futur.e Développeur.euse Java Senior ! Tu prendras part à la conception et au développement de solutions techniques. Tu réaliseras différents tests pour garantir leur bon fonctionnement, puis tu accompagneras leur mise en production. Tu veilleras à la qualité du code et rédigeras la documentation nécessaire. Tu interviendras aussi bien sur la maintenance que sur les évolutions des applications. Tu assureras un support réactif auprès des utilisateurs. Le mouton à 5 pattes …"
Développeur Dotnet/Développeuse Dotnet,Nextoo,"Roubaix, Lille",,,0,Unknown,," .Net et C# n’ont plus aucun secret pour toi et tu veux relever un nouveau challenge en tant que Développeur (F/H) en métropole lilloise ? Tu es au bon endroit pour postuler chez Nextoo !  Ton Profil ✅ Tu as une expérience significative en développement .Net, C# et JS ✅ Tu accordes de l'importance à la qualité du code que tu produis ✅ Tu es autonome et motivé(e) par le travail en équipe ✅ Tu aimes travailler en agilité  Tes futures missions ✔️L’analyse, le découpage et l’estimation des Users St…"
Développeur web/Développeuse web,CLEEVEN,France,,,0,Emplois Fabrication,,"CLEEVEN est un cabinet de conseil européen fondé autour de deux convictions fondamentales : L’excellence des ingénieurs européens doit être un moteur de la compétitivité mondiale. Notre mission humaine : accompagner nos consultants dans leur développement personnel et professionnel. Dans le cadre d’un projet de refonte applicative pour un client du secteur du luxe, nous recrutons un(e) Développeur Fullstack Laravel / Vue.js (H/F) pouvant également assurer le rôle de Scrum Master à hauteur de 20…"
Développeur Python/Développeuse Python,Aleysia,"Grenoble, Isère",,,0,Unknown,Python," Tu as l'esprit d'initiative et tu aimes travailler dans un environnement stimulant, postule sans attendre à cette offre de Développeur·se Python qui est faite pour toi ! ⬇️  Ton challenge si tu l’acceptes : Développer des solutions innovantes en Python, avec un code optimisé, clair et bien documenté. Intégrer des API et interagir avec des bases de données relationnelles et / ou non relationnelles Contribuer à la pérennité et à l'évolution des applications en assurant leur maintenance et en pro…"
Développeur iOS/Développeuse iOS,Webwag Mobile,"Bordeaux, Gironde",,,0,Unknown,,"DEV MOBILE SENIOR / TECH LEAD EN NATIF IOS Missions : tu intègres notre team technique composée de développeurs mobiles iOS natif (mais il y a aussi des devs Android !) pour travailler en équipe interne sur des projets de conception réalisation d’apps mobiles natives pour des clients grands comptes, parfois à l’international. Tu travailles en interaction permanente avec un ou des binômes iOS expérimentés, des CP/PO, et notre équipe design ; ce sera en full agile, ou bien en mode plus simplifié,…"
Développeur Android/Développeuse Android,Instant System - Enabling MaaS,"Antibes-Biot, Grasse",,,0,Emplois Informatique,," Résumé de l'annonce en 5 points  Instant System est un éditeur qui développe des applis web et mobile de mobilité urbaine 10 ans d'existence et 115 personnes dans nos locaux de Sophia-Antipolis Application utile à la société et qui œuvre pour l' environnement ! Salaire de 40 à 50K€ selon tes compétences, 2 jours de télétravail/semaine Stack : Kotlin, Jetpack Compose, Hilt, Room, Store, Ktor, web services REST, MVVM, Jenkins, Git, BitBucket, …  Que faisons-nous et qui sommes-nous ?  La mobilité…"
Développeur Python/Développeuse Python,Daveo,France,,,0,Unknown,,"Daveo est un cabinet de conseil spécialisé dans les domaines du product management , de la technologie et du cloud . Fondé en 2008 , Daveo a bâti sa réputation sur une culture d’entreprise forte axée sur la réussite collective . Voici quelques points clés à propos de Daveo : Innovation et Collaboration : Daveo allie amour de l’innovation et état d’esprit collaboratif pour offrir des solutions de pointe à ses clients. Expertise : Daveo est un pure player du product management, de la tech et du c…"
Développeuse / Développeur Cleva - Nantes,Capgemini,"Nantes, Loire-Atlantique",,,0,Unknown,,"Choisir Capgemini, c'est choisir une entreprise où vous serez en mesure de façonner votre carrière selon vos aspirations. Avec le soutien et l'inspiration d'une communauté d’experts dans le monde entier, vous pourrez réécrire votre futur. Rejoignez-nous pour redéfinir les limites de ce qui est possible, contribuer à libérer la valeur de la technologie pour les plus grandes organisations et participer à la construction d’un monde plus durable et inclusif. Vos missions : Participer à chacune des …"
Développeur de mainframe/Développeuse de mainframe,Apside,"Lyon, Rhône",,,0,Unknown,,"OPPORTUNITE A POURVOIR : CONCEPTEUR MAINFRAME [H/F] !   Découvrez la Vie Apsidienne  et vous aussi, devenez Apsidien // On aurait pu demander à Chat GPT de vous démontrer en quoi Apside est l’ESN qu’il vous faut, mais on préfère que vous le découvriez vous-mêmes   Découvrez votre future mission //  Contexte Client : Secteur banque Equipe : 15 personnes, échanges collaboratifs, Méthode de travail : Agilité Rôle : Développer, maintenir et optimiser des applications legacy pour répondre aux besoin…"
Développeuse / Développeur PEGA - Paris,Capgemini,"Paris, Ile-de-France",,,0,Unknown,,"Choisir Capgemini, c'est choisir une entreprise où vous serez en mesure de façonner votre carrière selon vos aspirations. Avec le soutien et l'inspiration d'une communauté d’experts dans le monde entier, vous pourrez réécrire votre futur. Rejoignez-nous pour redéfinir les limites de ce qui est possible, contribuer à libérer la valeur de la technologie pour les plus grandes organisations et participer à la construction d’un monde plus durable et inclusif. Vos missions : Accompagner nos clients e…"
Développeur / Développeuse JAVA,Phusis Group,France,,,0,Unknown,,"Développeur / Développeuse Java (CDI ou Freelance) Phusis Group – Lyon, Grenoble, Tours, France (Hybride) Vous souhaitez évoluer dans une entreprise où innovation, design centré sur l’humain et engagement écoresponsable s’entrelacent ? Phusis Group , collectif engagé dans les services Design, Développement et Data/IA , recherche un(e) Développeur/Développeuse Java pour accompagner des projets variés avec des startups comme des grands comptes, en mettant l'accent sur des solutions écoresponsable…"
Développeur/Développeuse .NET,Mobiskill | WEFY Group,France,,,0,Unknown,,"L'entreprise : Il s'agit d'une société innovante dans le secteur des annonces immobilières, qui souhaite repenser et optimiser ses solutions web et mobiles. Leur objectif est clair : disrupter le marché immobilier avec une technologie à la pointe. Actuellement leader européen du marché, ils ambitionnent de continuer leur internationalisation ! Les missions : > Participer au développement des solutions en C# > Collaborer avec une équipe Agile pour concevoir des solutions performantes > Échanger …"
Développeur/Développeuse PHP,Ouidou,"Paris, Ile-de-France",,,0,Unknown,,"Mais… ! Qui est OUIDOU ? Fondée en 2017 par 3 ingénieurs, Ouidou est une société en forte croissance. Basée à Paris, Nantes, Lyon, Lille et Strasbourg, nous accompagnons nos clients (PME & grands groupes) à travers trois spécialités : Le DevOps, le développement forfaitaire ou en feature team et l’accompagnement AGILE autour des outils Atlassian tel que Jira. Venez participer à une aventure humaine alliant innovation technologique, engagement et management de proximité ! Etes-vous prêt(e) pour …"
Développeur/Développeuse CDI Hybride Bordeaux,SoftFluent,"Bordeaux, Gironde",,,0,Emplois Informatique,," SoftFluent, une ESN en pleine croissance dont 70% des collaborateurs sont actionnaires. Au sein de notre groupe, il est possible pour chaque collaborateur.trice d'être partie prenante du futur de l'entreprise. SoftFluent s'installe dans la région bordelaise et recherche deux profils de Développeur(e) Full-Stack .Net pour concevoir et développer des applications web sur mesure basées sur les frameworks .Net de Microsoft. Vous interviendrez sur des projets réalisés à l’agence ou directement au s…"
Alternance - Développeuse / Développeur Salesforce - Paris,Capgemini,"Paris, Ile-de-France",,,0,Unknown,,"Choisir Capgemini, c'est choisir une entreprise où vous serez en mesure de façonner votre carrière selon vos aspirations. Avec le soutien et l'inspiration d’une communauté d’experts dans le monde entier, où vous pourrez réécrire votre futur. Rejoignez nous pour redéfinir les limites de ce qui est possible, contribuer à libérer la valeur de la technologie pour les plus grandes organisations et participer à la construction d’un monde plus durable et inclusif ! Vos missions En collaboration avec v…"
Développeur iOS/Développeuse iOS,PROXIAD,"Aix-en-Provence, Bouches-du-Rhône",,,0,Emplois Comptabilité et Finance,,"Développeur iOS orienté tests – Junior Vous êtes développeur iOS… et vous aimez casser le code ? Cette mission est pour vous. Vous avez un profil de développeur iOS (Swift) mais vous êtes attiré(e) par la qualité logicielle , les tests automatisés , les environnements mobiles bien structurés ? Rejoignez une équipe où vous pourrez mettre vos compétences de dev au service de la fiabilité d’une application utilisée par des millions de clients. Localisation : Aix-en-Provence (2 jours par semaine su…"
Développeur web/Développeuse web,ADENTIS,"Montpellier, Hérault",,,0,Unknown,,"Qui sommes nous ? ✨ Adentis est une société de conseil spécialisée dans les systèmes embarqués, l'IT et la cybersécurité. Créée en octobre 2000, Adentis a rejoint en 2013 le groupe MoOngy. Depuis 2014, Adentis se développe au niveau national et compte aujourd'hui  de 550 collaborateurs en France. Pour compléter nos équipes, nous recherchons un développeur web FrontEnd afin d'intervenir sur l'un de nos projets dans le secteur du bancaire. Le développeur sera responsable de diverses tâches liées …"
Développeur Python/Développeuse Python,Audensiel,"Nantes, Loire-Atlantique",,,0,Unknown,Python,"Développeur Python (H/F) Vous êtes passionné(e) par le développement backend et les architectures cloud ? Vous aimez résoudre des problèmes complexes avec du code propre, scalable et maintenable ? Rejoignez une équipe tech dynamique en pleine croissance ! Votre mission Au sein de l’équipe technique, vous participerez à la conception, au développement et au déploiement de solutions cloud robustes et performantes, en étroite collaboration avec les DevOps, les Data Engineers et les Product Owners.…"
Développeur Dotnet/Développeuse Dotnet,SFEIR,"Bordeaux, Gironde",,,0,Unknown,,"Développeur(euse) .Net expérimenté(e) - CDI Qui sommes-nous ? SFEIR, c’est avant tout une communauté de 900 devs, en France, en Belgique et au Luxembourg, unis par la passion, dont 19 à Bordeaux. Nous aidons nos clients à : Développer des applications web et mobiles pour améliorer leur expérience client et se connecter partout ; Être compatible avec le futur en développant leurs architectures SI, Cloud et Data ; Donner de la valeur à leurs données , innover avec l’IA ; Créer de la valeur grâce …"
Développeur Dotnet/Développeuse Dotnet,Audensiel,"Nancy, Meurthe-et-Moselle",,,0,Unknown,,"Audensiel, c'est une société de conseil spécialisée dans la transformation digitale. Notre objectif ? Apporter des solutions sur mesure, adaptées aux besoins spécifiques de chaque client. Avec plus de 2500 collaborateurs et 150 clients, Audensiel est présent sur l'ensemble du territoire, ainsi qu'a l'international. Avec une croissance moyenne de plus de 20% depuis plus de 4 ans, saura trouver LA mission qui vous correspond ! Les missions du poste : En tant que Développeur C# / .NET, vous serez …"
Développeur Dotnet/Développeuse Dotnet,Audensiel,"Strasbourg, Strasbourg-Ville",,,0,Unknown,,"Audensiel, c'est une société de conseil spécialisée dans la transformation digitale. Notre objectif ? Apporter des solutions sur mesure, adaptées aux besoins spécifiques de chaque client. Avec plus de 2500 collaborateurs et 150 clients, Audensiel est présent sur l'ensemble du territoire, ainsi qu'a l'international. Avec une croissance moyenne de plus de 20% depuis plus de 4 ans, saura trouver LA mission qui vous correspond ! Les missions du poste : En tant que Développeur C# / .NET, vous serez …"
Développeur web/Développeuse web,Grafton Recruitment,France,,,0,Unknown,,"À propos de nous : Fort de plus de 40 années d’expérience en Europe, Grafton est spécialisé dans le recrutement de professionnels qualifiés, que ce soit pour des besoins uniques comme pour des projets volumiques. En France, Grafton rassemble une centaine de professionnels du recrutement répartis au sein d’un réseau de 14 bureaux. Ils délèguent quotidiennement du personnel aussi bien en intérim, CDD, CDI qu’en contracting et consulting auprès de plus de 800 clients qui leur font confiance. Missi…"
Développeur Dotnet/Développeuse Dotnet,UTi GROUP.,"Lyon, Rhône",,,0,Unknown,,"Directement intégré à l'équipe en charge des applications batch et IHM de notre client, acteur majeur du domaine bancaire, vous intervenez en tant que qu'analyste développeur C# sur des sujets variés (montée de version de framework ou d'outils digitaux, mise en place d'écrans, refonte d'outils, etc). Responsabilités : Conception d’évolutions / étude d’impacts techniques Développement Conception et mise en place des cas de test, tests unitaires et tests d’intégration Interface technique avec les…"
Développeur / Développeuse Java - Confirmé,SFEIR,"Strasbourg, Strasbourg-Ville",,,0,Unknown,," Qui sommes-nous ? SFEIR, c’est avant tout une communauté de 800 dev’ unis par la passion, dont 120 à Strasbourg. Nous aidons nos clients à : Développer des applications web et mobiles pour améliorer leur expérience client ; Être compatibles avec le futur en développant leurs architectures SI, Cloud et Data ; Donner de la valeur à leurs données , innover avec l’IA ; Créer de la valeur grâce aux API & microservices .  Ce que tu feras, en tant que Dev’ Java chez SFEIR ? Actuellement voici le type…"
Développeur Python/Développeuse Python,Aleysia,"Lyon, Rhône",,,0,Unknown,Python," Coder est une seconde nature pour toi et tu es particulièrement attiré par le langage Python ? Nous t'attendons de pied ferme, postule à cette offre de Développeur·se Python ! ⬇️  Ton challenge si tu l’acceptes : Concevoir et développer des solutions avec un code performant et documenté Collaborer à la conception de l'architecture d'un projet informatique Gérer la maintenance corrective et évolutive de l'application Participer activement à l'amélioration continue interne Implémenter des tests …"
Développeur Java/Développeuse Java,TMC,France,,,0,Unknown,,"À propos de TMC TMC est une société internationale de conseil en hautes technologies présente dans 16 pays et comptant 3000 collaborateurs. Nous apportons une expertise technique à nos clients pour les accompagner dans la réalisation de leurs projets et de leurs défis depuis plus de 20 ans. Nous travaillons dans des domaines passionnants tels que l'aéronautique, l'automobile, le ferroviaire, l'énergie, la finance et la santé. Chez TMC, nous croyons que ce sont les personnes qui sont les moteurs…"
Développeur Dotnet/Développeuse Dotnet,Aleysia,France,,,0,Unknown,, Si coder est pour toi une passion plus qu'une compétence rejoins notre univers technique qui t'attend de pied ferme avec ce poste d’ Expert .Net ! ⬇️  Ton challenge si tu l’acceptes : Concevoir et développer des solutions avec un code performant et documenté Collaborer à la conception de l'architecture d'un projet informatique Gérer la maintenance corrective et évolutive de l'application Participer activement à l'amélioration continue interne Implémenter des tests unitaires et d’intégration po…
Développeur Drupal/Développeuse Drupal,ELLIPSE DIGITAL,"Boulogne-Billancourt, Hauts-de-Seine",,,0,Unknown,,"Qui sommes-nous ? Ellipse Digital, implanté en France, est une filiale d’Ellipse Group et apporte, entre autres son expertise technologique à Ellipse Projects. Ellipse Projects est un acteur clé dans le financement, la conception et la réalisation de grand projets d’infrastructure. Pour accompagner notre développement, nous recherchons un stagiaire en développement drupal H/F pour une durée d’un mois. Description du poste Ellipse Digital développe une plateforme numérique innovante dédiée aux r…"
Développeur iOS/Développeuse iOS,GROUPE ALLIANCE,"Ile-de-France, France",,,0,Unknown,,"Ce que tu recherches : Evoluer au sein d’une équipe dynamique Participer à des projets innovants d’envergure Relever des défis Donner un nouveau souffle à ta carrière Alors nous avons la mission idéale pour toi. Au sein d’acteurs majeurs des secteurs du E-Commerce, Médias, banque, Assurances, tu participeras à des projets d’envergure, de refonte, de migration et / ou à des évolutions majeures à mettre en œuvre dans le SI du client : Analyse des besoins, tu feras Spécifications techniques, tu ré…"
Développeur PHP/Développeuse PHP,TMC,"Toulouse, Haute-Garonne",,,0,Unknown,,"À propos de TMC TMC est une société internationale de conseil en hautes technologies présente dans 16 pays et comptant 3000 collaborateurs. Nous apportons une expertise technique à nos clients pour les accompagner dans la réalisation de leurs projets et de leurs défis depuis plus de 20 ans. Nous travaillons dans des domaines passionnants tels que l'aéronautique, l'automobile, le ferroviaire, l'énergie, la finance et la santé. Chez TMC, nous croyons que ce sont les personnes qui sont les moteurs…"
Développeur Dotnet/Développeuse Dotnet,MCA,"Strasbourg, Strasbourg-Ville",,,0,Unknown,,"Nous recherchons des ingénieur(e)s passionné(e)s souhaitant nous rejoindre au sein de nos différents projets sur Strasbourg ! C’est pourquoi, nous vous proposons de rejoindre notre équipe en tant qu’I ngénieur développement logiciel C# (H/F) Au sein du département informatique d’une de nos clients, vous intégrerez une équipe intervenant sur le développement d’un logiciel dans le secteur de la mobilité. Vos compétences en C# vous permettront de : Développer de nouvelles applications à l'aide des…"
Développeur web/Développeuse web,LACOUR CONCEPT,"Saint-Denis-de-l'Hôtel, Orléans",,,0,Emplois Informatique,,"Au sein d'une équipe passionnée et à taille humaine, vous développez des nouvelles applications, assurez la maintenance et correction des applications existantes, déployez des applications WEB, et effectuez la recette et test des applications. Vous assurez une veille technologique sur les nouveaux outils d’exploration technologique. Vous êtes force de proposition, par votre implication dans le tournant digital. Vous aimez échanger par le travail en équipe, avec une certaine autonomie sur les pr…"
Développeur C#,eXalt IT,"Paris, Ile-de-France",,,0,Unknown,,"Descriptif du poste : eXalt IT, spécialisée sur les métiers du Software Engineering, forte d’une communauté de 100 développeurs, recherche son/sa nouveau/elle Développeur/se Full C# avec Multithreading , pour aller à la conquête de nouveaux projets techniques ! Mais qui sommes-nous ?! Des passionnés de code propre, de bonnes pratiques et l’envie de progresser en continu. Des gens qui parlent TDD, DDD, multithreading, architecture hexagonale ou microservices… et qui t’écoutent quand tu en parles…"
Développeur·se Web,ADERE,"Aubière, Clermont-Ferrand",,,0,Unknown,,"ADERE est une Centrale de Référencement Associative, de plus de 30 ans d’existence, bénéficiant d’une couverture nationale, et agissant en proximité auprès de ses Adhérents en leur permettant d’optimiser leur processus d’achat et de réaliser des économies afin de dédier ce temps à l’accompagnement des résidents. ADERE en quelques chiffres c’est : 90 salariés (doublé en 5 ans) 7 600 Adhérents issus du secteur de l’Economie Sociale et Solidaire (50% en 5 ans) Plus de 180 fournisseurs et 80 gammes…"
Développeur Flutter,Daveo,France,,,0,Unknown,,"Daveo est un cabinet de conseil spécialisé dans les domaines du product management, de la technologie et du cloud. Fondé en 2008, Daveo a bâti sa réputation sur une culture d’entreprise forte axée sur la réussite collective. Voici quelques points clés à propos de Daveo : Innovation et Collaboration : Daveo allie amour de l’innovation et état d’esprit collaboratif pour offrir des solutions de pointe à ses clients. Expertise : Daveo est un pure player du product management, de la tech et du cloud…"
Développeur SIG,Felps Group,"Ile-de-France, France",,,0,Unknown,,"Bienvenue chez Felps Group  Une communauté d'experts passionnés, alliant leurs compétences pour propulser votre entreprise vers de nouveaux sommets.   Notre Expertise : Felps Group est une alliance de ""Pure Players"" composée de quatre Squads distinctes : Telecom, IT, Cybersécurité et Conduite du changement. Chacune de ces Squads est dirigée par un capitaine, expert dans un domaine spécifique. Ces Capitaines accompagnent les consultants tout au long de leur parcours chez Felps, les guidant dans …"
Développeur Angular,néosoft,"Pantin, Bobigny",,,0,Unknown,,"Tous nos postes sont ouverts au télétravail Groupe indépendant de conseil en transformation digitale de près de 1800 collaborateurs, Néosoft s’est construit, depuis 2005, sur un modèle qui place l’excellence, le dépassement de soi et la RSE au cœur de sa stratégie. En nous rejoignant, vous intégrez des communautés d’experts et de talents qui vous permettent de développer vos compétences et d’offrir à nos clients le meilleur accompagnement possible. Notre savoir-faire s’articule autour de nos 6 …"
Développeur.se Java,Listen too,France,,,0,Unknown,," Imagines un lieu où ta voix compte autant que tes compétences… Chez Listen too, nous sommes convaincus que l’écoute est indissociable du progrès. Cultivée au quotidien, elle devient un catalyseur de croissance et de réussite, tant pour l’entreprise que pour ses collaborateur·rice·s. Listen too est une agence conseil spécialisée depuis 2013 dans la digitalisation de la Relation Client & Collaborateur. Grâce à la justesse de l’accompagnement offert à nos clients comme à nos consultant·e·s, nous …"
Développeur COBOL,ALTEN,"Boulogne-Billancourt, Hauts-de-Seine",,,0,Unknown,,"Alten, la maison des ingénieurs, qui sommes-nous ? Fort de plus de 35 ans d’expériences, le groupe Alten exerce dans plus de 30 pays. Cette couverture mondiale, nos 54 000 collaborateurs, composés de 88% d’ingénieurs, nous permettent d’être un groupe international et leader de son marché. Soucieux du bien-être de nos collaborateurs, cela nous a permis, cette année et pour la 12eme fois consécutive, d’être labellisé Top Employer. L’obtention de ce label s’appuie sur un audit de Top Employer Inst…"
Développeur back-end/Développeuse back-end,WeScale,"Ile-de-France, France",,,0,Unknown,,Rejoignez WeScale et contribuez à l’accompagnement de nos clients dans leur transformation vers le Platform Engineering. WeScale recherche une Développeuse ou un Développeur Backend pour renforcer ses équipes et accompagner ses clients dans le développement de solutions Cloud Native en veillant à la qualité logicielle et en collaborant étroitement avec les équipes infrastructure. En tant que consultante ou consultant chez WeScale : Rejoignez une communauté dynamique de passionnés et aurez l’opp…
Développeur PL/SQL/Développeuse PL/SQL,Néosoft,"Paris, Ile-de-France",,,0,Unknown,,"Tous nos postes sont ouverts au télétravail Groupe indépendant de conseil en transformation digitale de près de 1800 collaborateurs, Néosoft s’est construit, depuis 2005, sur un modèle qui place l’excellence, le dépassement de soi et la RSE au cœur de sa stratégie. En nous rejoignant, vous intégrez des communautés d’experts et de talents qui vous permettent de développer vos compétences et d’offrir à nos clients le meilleur accompagnement possible. Notre savoir-faire s’articule autour de nos 6 …"
Développeur JavaScript,norsys,"Tours, Indre-et-Loire",,,0,Unknown,," Qui sommes-nous ? Norsys est une ESN de plus de 500 permamakers (collaborateurs.trices), créée en 1994, spécialisée dans le conseil en assistance à maitrise d’ouvrage et l’ingénierie informatique utilisant les dernières technologies (JAVA, JS, PHP,.Net). L’agence de Tours c’est 50 collaborateur.trices constituée de développeurs.ses Java, de consultants.es MOA, Product Owner et de chef.fes de projets qui apprécient les moments conviviaux en tout genre et qui s'investissent dans les activités de…"
Développeur .NET,ASTRELYA,"Ile-de-France, France",,,0,Unknown,,"Développeur .NET  ASTRELYA est un groupe de conseil et d’expertise IT fondé en 2017, présent en France (Paris et régions) et en Suisse (Genève). Aujourd'hui plus de 280 collaborateurs accompagnent nos clients dans l’accélération et la transformation de leurs organisations. Dans le cadre de notre développement, nous recherchons pour l'un de nos clients un Développeur Fullstack .NET H/F; Vos Rôles & Responsabilités Cadrage très strict d’implémentation (qualité du code, couverture totale en matièr…"
Développeur CLEVA,ASTRIDSEN,"Aix-en-Provence, Bouches-du-Rhône",,,0,Emplois Droit,,"À propos de l'entreprise Dans le cadre d’un projet stratégique de modernisation du SI métier, notre client – un acteur du secteur de l’assurance – recherche un développeur Java confirmé ayant déjà conduit une montée de version CLEVA, notamment de la version 11 vers la version 17. À propos du rôle Vous rejoindrez une équipe projet pluridisciplinaire (développeurs, tech lead, consultants MOA/MOE) pour piloter et exécuter cette transition technique majeure. Responsabilités Analyser les impacts tec…"
Développeur Web,Sander,France,,,0,Unknown,,"Développeur(se) Fullstack Node/Vue – Startup e-santé  Paris (hybride) |  Stack : NuxtJS (VueJS), NodeJS, Ionic, MySQL, Redis, CouchDB, Linux, Sécurité |  Secteur : e-santé Une startup innovante dans l’e-santé, en pleine croissance depuis bientôt 10 ans, recherche un(e) développeur(se) Fullstack pour renforcer son équipe tech ! Leur mission est claire : soulager les infirmiers libéraux de la charge administrative pour qu’ils puissent se recentrer sur l’essentiel : le soin. Pour cela, ils dévelop…"
Développeur Java,Objectware,"Nantes, Loire-Atlantique",,,0,Unknown,"AWS, Docker","Nous recherchons un développeur pour renforcer l'équipe d'un de nos clients sur une infrastructure AWS et Kubernetes. Vos missions seront les suivantes : Conception, développement et maintenance des fonctionnalités backend. Travailler dans un cadre Agile. Participation, dans le cadre des principes DEVOPS, au déploiement et au suivi de votre application. Etre force de proposition et au cœur de l'amélioration continue. Compétences attendues : Back: JAVA 21, SpringBoot 3 , Docker, API Base : Mongo…"
Développeur Python,Meritis | B Corp™,"Ile-de-France, France",,,0,Unknown,Python,"Nous sommes à la recherche de développeurs Python disposant d'au moins trois années d'expérience , afin de participer à de très nombreux projets, sur une grande variété de secteurs d'activités (Transports, Luxe, Banque/ Finance/ Assurance, Retail). Vous serez notamment en charge de : Participer à la phase d'analyse du projet , et proposer des solutions techniques dans le cadre de projets à forts enjeux Participer au développement de nouvelles applications/ logiciels et fonctionnalités Participe…"
Développeur chef de projet/Développeuse chef de projet,Akkodis,"Lisses, Corbeil-Essonnes",,,0,Unknown,,La ligne de service Akkodis Talent recrute pour son client final un Chef de projet développement de logiciel (PMO) en CDI basé à Lisses 91. Vous intégrez un client final spécialisé dans le secteur biomédical. Nous sommes à la recherche d'un Chef de Projet Développement Logiciel pour rejoindre notre équipe dynamique. Missions : Assurer la responsabilité fonctionnelle du développement de logiciels sans hiérarchie. (pas de management direct) Piloter les sous-traitants dans le domaine des logiciels…
Développeur BI,PROXIAD OUEST,"Saint-Herblain, Nantes",,,0,Unknown,,"Proxiad Ouest est à la recherche d’un nouveau talent pour compléter son équipe ! Qui sommes-nous ? Avec une écoute attentive et un suivi régulier de ses collaborateurs, une bonne ambiance et des petits déjeuner à la clé, Proxiad est une ESN qui porte une attention toute particulière au bien-être de ses collaborateurs. Spécialisé dans le Conseil et l’Expertise auprès de ses clients, le groupe Proxiad compte aujourd’hui plus de 1000 collaborateurs en France. Intervenant dans différents secteurs d…"
Développeur Expérimenté,Team-iT,"Molsheim, Bas-Rhin",,,0,Unknown,,"Dans le cadre du développement de solutions innovantes pour des systèmes IT/OT complexes, nous recherchons un(e) Développeur(se) expérimenté(e) pour intervenir sur des projets technologiques de pointe au sein d'une équipe d'innovation basée à Molsheim (Alsace). Avec plus de 10 ans d'expérience, vous apporterez votre expertise technique en architecture logicielle, développement, intégration, et déploiement de plateformes distribuées à forte charge, dans un environnement mêlant cloud, embarqué, I…"
Développeur C#,Apside,"Angoulême, Charente",,,0,Unknown,,"Développeur C# H/F !  Découvrez la Vie Apsidienne  et vous aussi, devenez Apsidien // On aurait pu demander à Chat GPT de vous démontrer en quoi Apside est l’ESN qu’il vous faut, mais on préfère que vous le découvriez vous-mêmes   Découvrez votre future mission // Contexte Client : Secteur naval Missions Concevoir de nouvelles fonctionnalités pour la bibliothèque Développer de nouveaux contrôles WPF Actualiser le style Améliorer la qualité grâce à une maintenance continue Garantir la compatibil…"
Développeur C#,UTi GROUP.,"Strasbourg, Strasbourg-Ville",,,0,Unknown,,"Directement intégré à l'équipe en charge des applications batch et IHM de notre client, acteur majeur du domaine bancaire, vous intervenez en tant que qu'analyste développeur C# sur des sujets variés (montée de version de framework ou d'outils digitaux, mise en place d'écrans, refonte d'outils, etc). Responsabilités : Conception d’évolutions / étude d’impacts techniques Développement Conception et mise en place des cas de test, tests unitaires et tests d’intégration Interface technique avec les…"
Développeur C#,Technology & Strategy,France,,,0,Unknown,,"Technology & Strategy est une société de conseil Européenne de plus de 3500 collaborateurs présente en France et à l’international. En pleine expansion, T&S est spécialisée dans trois grands domaines d’expertise (Transformation Digitale, Conseil en performance opérationnelle et Systèmes Embarqués), afin d’implémenter des solutions plus intelligentes, plus sûres et plus écologiques, sur les défis d’aujourd’hui et de demain. Et c’est dans cet environnement aux relations humaines fortes, à l’exper…"
Concepteur Développeur,Numih France,"Rennes, Ille-et-Vilaine",,,0,Unknown,,"⭐ Partager nos valeurs : Engagement, Excellence, Innovation. ‍ Rejoindre des collègues investis dans une mission d'utilité publique et innovante.  Travailler avec des équipes motivées par la satisfaction client. Notre recherche Jean cherche à intégrer un(e) concepteur(trice) développeur(se) pour prendre part activement au développement de projets transverses en liens avec la santé et les collectivités/services de l’Etat tout en prenant en charge l’exploitation et la maintenance de certaines app…"
Développeur.se GO,Meritis | B Corp™,"Ile-de-France, France",,,0,Unknown,,"Vous intégrez une équipe dédiée à l’ observabilité cloud d’un grand groupe du secteur télécom, au cœur de la modernisation des infrastructures Cloud . Au sein du département en charge des socles techniques (Kubernetes, Cloud Foundry, VM, services managés) , vous travaillerez sur la refonte des outils de métrologie , avec une stack moderne orientée microservices , performance , et multi-sites . Au sein de la sous-équipe dédiée à la stack Prometheus & Grafana , vos responsabilités/ missions inclu…"
Développeur .Net,UTi GROUP.,"Nancy, Meurthe-et-Moselle",,,0,Unknown,,"Vous intégrez directement l'équipe e-commerce de notre client (répartie sur plusieurs sites) et intervenez en tant que concepteur développeur d'applications web en environnement agile Scrum. Votre mission : Vous apportez votre savoir-faire sur les phases d analyse techniques Vous réalisez les développements Vous intervenez sur la partie base de données décisionnelles (alimentation, optimisation de procédures stockées, etc) Vous effectuez la partie restitution sur des outils de reporting et d'an…"
Développeur Java,Audensiel,"Provence-Alpes-Côte d'Azur, France",,,0,Unknown,,"Audensiel Technologies, société d’ingénierie avec le statut de Jeune Entreprise Innovante, est une structure à taille humaine en forte croissance. Nous sommes mobilisés autour de valeurs telles que l’innovation technologique, l’écoute et la réactivité. Nous développons en interne, au sein du groupe Audensiel, plusieurs projets d’innovation qui nous permettent de valoriser les compétences de nos collaborateurs, de développer leurs savoir-faire et d’être à la pointe de l’innovation dans des domai…"
Développeur C++,Audensiel,"Provence-Alpes-Côte d'Azur, France",,,0,Unknown,,"Audensiel Technologies, société d’ingénierie avec le statut de Jeune Entreprise Innovante, est une structure à taille humaine en forte croissance. Nous sommes mobilisés autour de valeurs telles que l’innovation technologique, l’écoute et la réactivité. Nous développons en interne, au sein du groupe Audensiel, plusieurs projets d’innovation qui nous permettent de valoriser les compétences de nos collaborateurs, de développer leurs savoir-faire et d’être à la pointe de l’innovation dans des domai…"
Développeur C++,Experis,"Mougins, Grasse",,,0,Unknown,,"L’Humain, l’Expertise et l’Innovation, voilà ce qui caractérise l’ADN d’Experis France, ESN de ManpowerGroup reconnue Top Employer 2025. Présente dans 28 pays avec 3800 Talents en France, Experis se positionne comme un acteur incontournable et innovant sur le marché des ESN. Nous proposons une offre intégrée alliant services et solutions IT pour accompagner nos clients partenaires dans leurs projets de transformations. Nous recherchons un Développeur C++ (H/F) passionné et expérimenté pour rejo…"
Développeur C++,NEO2 Digital,"Montpellier, Hérault",,,0,Unknown,,"Nous recherchons notre futur consultant, Ingénieur C++ dans un environnement Linux pour travailler sur des systèmes industriels et de contrôle commande robotique. Expérience souhaitée : 3 à 5 ans Logiciel : GIRA Contexte de la mission : Dans le cadre d’un projet innovant dans le domaine de la robotique, nous recherchons un Ingénieur C++ expérimenté côté Linux pour intervenir sur le développement d’un logiciel de contrôle/commande de robot . La mission s’effectuera exclusivement sur site . Missi…"
Développeur web Java/Développeuse web Java,Visian,"Marseille, Bouches-du-Rhône",,,0,Unknown,," Rejoins Visian en tant que Développeur Java expérimenté à Marseille ! Tu es développeur Java, tu as déjà plusieurs expériences à ton actif et tu es prêt pour un nouveau challenge ? Tu veux intégrer une entreprise en plein essor, où l’innovation, l’humain et la montée en compétences sont au cœur de l’ADN ? Alors bienvenue chez Visian !  Ce que l’on te propose : Nous recherchons un Développeur Java confirmé pour rejoindre notre nouveau bureau de Marseille , dans un cadre stimulant et à taille hu…"
Développeur front-end/Développeuse front-end,Aleysia,France,,,0,Unknown,," Les défis techniques et les nouvelles stacks te passionnent ? Nous avons le job qu'il te faut ! Nous recherchons un·e développeur·se frontend ⬇️  Ton challenge si tu l’acceptes : Développer des interfaces utilisateurs dynamiques, intuitives et performantes à partir de maquettes fournies Participer à la revue de code et au maintien de la qualité de la plateforme Gérer les incidents et maintenir la performance des applications Collaborer étroitement avec l'équipe produit, les UX/UI designers et …"
Développeur SAP ABAP/Développeuse SAP ABAP,ACENSI,"Ile-de-France, France",,,0,Unknown,,"Aujourd’hui, nous recherchons un Développeur SAP ABAP confirmé pour accompagner l’un de nos clients majeurs dans le secteur de l’énergie.  Votre profil : Vous êtes diplômé(e) d’une formation Bac5 Vous justifiez d’au moins 5 ans d’expérience en développement ABAP Vous maîtrisez l’environnement SAP ECC ️ Vos missions : Développer des correctifs et des évolutions dans le respect des normes de développement SAP Réaliser les tests unitaires Rédiger et maintenir la documentation technique associée au…"
Développeur back-end/Développeuse back-end,Infotel,"Nantes, Loire-Atlantique",,,0,Unknown,,"NOTRE ENTREPRISE Infotel Conseil accompagne les directions Informatiques et Métiers des grandes entreprises depuis plus de 40 ans (Airbus, BNP Paribas, Banque de France, BPCE, Air France, Arkéa, Stellantis, etc.). C’est aujourd’hui plus de 3 000 Infotéliens qui ont rejoint le groupe en France (Paris, Toulouse, Lyon, Bordeaux, Lille, Rennes, Nantes, etc.) et à l’étranger (UK, Monaco, Allemagne, US, Canada, Inde, Maroc). Nous avons ainsi réalisé en 2023 un chiffre d’affaires de 307,5 M€. Infotel …"
Développeur front-end/Développeuse front-end,Aleysia,France,,,0,Unknown,," Le développement frontend sur des plateformes 3D te passionne ? N’hésite plus et postule à cette offre de Développeur Frontend qui t’attend ! ⬇️  Ton challenge si tu l’acceptes : Développer la visualisation et l’édition de formes 2D (flèches, lignes, rectangles, arcs, etc.) au sein d’un widget 3D Maîtriser et utiliser le format SVG ainsi que les librairies associées Développer des Web Components robustes avec Stencil.JS Assurer une intégration propre et validée dans le composant Switchboard En…"
Développeur web Java/Développeuse web Java,PROXIAD,"Lille, Nord",,,0,Unknown,,"Actuellement, nous recherchons un Développeur full-stack JAVA ANGULAR (H/F) sur la métropole lilloise. Les missions principales sont : - Définir et rédiger les spécifications techniques - Réaliser le développement back-end et front-end - Effectuer les tests et l'intégration - Participer à la maintenance du produit - Rédiger de la documentation technique Pour avoir l'occasion d'embarquer dans notre fusée Proxiad, il est nécessaire d'avoir : - Au moins 3 ans d'expérience sur un poste similaire - …"
Développeur de bases de données/Développeuse de bases de données,Econocom,"Auvergne-Rhône-Alpes, France",,,0,Unknown,,"Qui sommes nous : L'entité Apps, Cloud & Data du groupe Econocom accompagne les entreprises dans leurs projets de transformation et de modernisation de leurs applications en apportant son expertise et savoir-faire dans les nouvelles technologies, le cloud et la data. Nous intervenons sur la maintenance, conception et le développement d'applications métiers et portails web, pour le compte de nos clients grands-comptes. Je recherche un Développeur de Base de données – Rejoignez une équipe engagée…"
Développeur Java/VueJS - Développeuse Java/VueJS,Aleysia,France,,,0,Unknown,," Tu as l'esprit d'initiative et tu aimes travailler dans un environnement stimulant, postule sans attendre cette offre de Développeur·se Java / VueJS qui est faite pour toi ! ⬇️  Ton challenge si tu l’acceptes : Concevoir et développer des solutions avec un code performant et documenté Gérer la maintenance corrective et évolutive de l'application Participer activement à l'amélioration continue Implémenter des tests unitaires et d’intégration pour assurer la qualité du code Suivre les bonnes pra…"
Développeur web Java/Développeuse web Java,SOFTEAM,"Grasse, Alpes-Maritimes",,,0,Unknown,,"Softeam est la marque du Conseil et des Services de Docaposte, filiale numérique du Groupe La Poste. Nous accompagnons vos transformations (métier, réglementaire, digitale) dans la durée pour IMAGINER, CONCEVOIR et opérer vos services de demain en vous proposant une offre unique sur le marché combinant conseil, solutions numériques et excellence de services. Son organisation s articule autour d une large gamme d expertises en Consulting, Finance, Data & AI et Digital, d une agence digitale : So…"
Développeur/ Développeuse Fullstack Dot Net/ Angular,Ikighia,"Montpellier, Hérault",,,0,Unknown,,"Offre d'Emploi : CDI uniquement Lieu : Montpellier Type de contrat : CDI statut cadre - convention collective Syntec Démarrage : ASAP Description du poste : Nous recrutons un(e) développeur(se) avec minimum 3 ans d'expérience pour une mission passionnante chez un de nos clients sur Montpellier dans le secteur de la santé pour l'accompagner dans le développement de ses projets IT sur Montpellier. -Développement, maintenance et évolution des applications existantes en Dot Net et Angular Js. Avec …"
Développeur chef de projet/Développeuse chef de projet,CESI,"Pau, Pyrénées-Atlantiques",,,0,Emplois Informatique,,"À propos de l'entreprise - L'école CESI (Centre des Études Supérieures Industrielles) est un établissement d'enseignement supérieur français qui propose des formations dans les domaines de l'ingénierie, du management, du BTP, de l'industrie, de l'informatique, et de la transformation numérique. Fondée en 1958, CESI est reconnue pour ses formations professionnalisantes, en particulier pour les métiers d'ingénieur, de manager, et de chef de projet. CESI propose plusieurs types de programmes, nota…"
Développeur Dotnet/Développeuse Dotnet Fullstack,Innova Solutions,"Nice, Alpes-Maritimes",,,0,Unknown,," Innova Solutions accompagne ses clients sur toute la France et offre à ses candidats des postes dans les secteurs de l’IT et de l’Engineering. Dans le cadre du développement de notre activité, nous recherchons un.e developpeur(se) .Net / Angular pour intervenir au sein d'un groupe international industriel. ✅ Votre mission : Concevoir, développer et maintenir des applications web performantes et sécurisées Participer à l’architecture logicielle et aux choix techniques Collaborer étroitement ave…"
Développeur / Développeuse Java H/F,Webnet,"Lyon, Rhône",,,0,Unknown,,"Serez-vous notre prochain Dragonnier ? Rejoignez notamment Frédéric et Jamil, de vrais passionnés du pôle Java qui recherchent leur futur collègue, un artisan du code qui maitrise le socle initial suivant : JAVA 8 (3 ans d’expérience minimum) Maîtrise d’une ou plusieurs bases de données : Oracle, PostgreSQL, MySQL, MongoDB, Cassandra, etc. Connaissances sur des Frameworks comme Spring , Quarkus, Struts, DropWizard ou encore Vert.x Comprend les principes de Jenkins, GitLab, CodeBuild, etc. Une p…"
ALTERNANCE - Développeuse / développeur logiciel - Bayonne,Capgemini,"Bayonne, Pyrénées-Atlantiques",,,0,Unknown,,"Le Groupe Capgemini Choisir Capgemini, c'est choisir une entreprise où vous serez en mesure de façonner votre carrière selon vos aspirations. Avec le soutien et l'inspiration d'une communauté d’experts dans le monde entier, vous pourrez réécrire votre futur. Rejoignez-nous pour redéfinir les limites de ce qui est possible, contribuer à libérer la valeur de la technologie pour les plus grandes organisations et participer à la construction d’un monde plus durable et inclusif. Votre profil Tu es e…"
Développeuse / Développeur Cloud en alternance – Toulouse,Capgemini,"Toulouse, Haute-Garonne",,,0,Unknown,,"Choisir Capgemini, c'est choisir une entreprise où vous serez en mesure de façonner votre carrière selon vos aspirations. Avec le soutien et l'inspiration d'une communauté d’experts dans le monde entier, vous pourrez réécrire votre futur. Rejoignez-nous pour redéfinir les limites de ce qui est possible, contribuer à libérer la valeur de la technologie pour les plus grandes organisations et participer à la construction d’un monde plus durable et inclusif. Vos missions : Rejoindre notre équipe, c…"
Développeur / Développeuse Java F/H,Webnet,"Nantes, Loire-Atlantique",,,0,Unknown,,"Serez-vous notre prochain Dragonnier ? Rejoignez notamment Frédéric et Jamil, de vrais passionnés du pôle Java qui recherchent leur futur collègue, un artisan du code qui maitrise le socle initial suivant : · JAVA 8 (3 ans d’expérience minimum) · Maîtrise d’une ou plusieurs bases de données : Oracle, PostgreSQL, MySQL, MongoDB, Cassandra, etc. · Connaissances sur des Frameworks comme Spring , Quarkus, Struts, DropWizard ou encore Vert.x · Comprend les principes de Jenkins, GitLab, CodeBuild, et…"
Développeuse / Développeur Cloud en alternance – Rennes,Capgemini,"Rennes, Ille-et-Vilaine",,,0,Unknown,,"Choisir Capgemini, c'est choisir une entreprise où vous serez en mesure de façonner votre carrière selon vos aspirations. Avec le soutien et l'inspiration d'une communauté d’experts dans le monde entier, vous pourrez réécrire votre futur. Rejoignez-nous pour redéfinir les limites de ce qui est possible, contribuer à libérer la valeur de la technologie pour les plus grandes organisations et participer à la construction d’un monde plus durable et inclusif. Vos missions : Rejoindre notre équipe, c…"
Développeur PHP/Développeuse PHP,KP2i,"Ile-de-France, France",,,0,Unknown,,"Nous sommes à la recherche d’un(e) développeur(se) PHP/Symfony confirmé(e) pour accompagner l’évolution technique et fonctionnelle de nos sites web dédiés aux formations et conférences. Vous jouerez un rôle clé dans l’amélioration de l’expérience utilisateur, la performance technique, et le développement de nouvelles fonctionnalités à forte valeur ajoutée.  Vos missions principales : Recueillir les besoins fonctionnels auprès de la direction générale et du pôle marketing : parcours client, perf…"
Développeuse - Développeur Backend Java H/F,Datanumia,"La Défense, Courbevoie",,,0,Unknown,,"Filiale du Groupe EDF, Datanumia est une société éditrice de logiciel spécialisée dans la valorisation de la donnée énergétique. Au quotidien, ce ne sont pas moins de 270 collaborateurs qui évoluent dans un écosystème innovant - mêlant IA, machine learning et IoT - et donnent du sens à notre raison d'être : permettre à chacun d'optimiser sa consommation d'énergie et son empreinte carbone en révélant tout le potentiel de la data. Plus de 20 millions de particuliers et 70 000 professionnels (tert…"
Rennes - ALT -Développeuse/ Développeur Intégration API Junior,Capgemini,France,,,0,Unknown,,"Choisir Capgemini, c'est choisir une entreprise où vous serez en mesure de façonner votre carrière selon vos aspirations. Avec le soutien et l'inspiration d'une communauté d’experts dans le monde entier , vous pourrez réécrire votre futur . Rejoignez nous pour redéfinir les limites de ce qui est possible, contribuer à libérer la valeur de la technologie pour les plus grandes organisations et participer à la construction d’un monde plus durable et inclusif Vos Missions Rejoindre Capgemini c’est …"
Developpeur C++,eXalt IT,"Paris, Ile-de-France",,,0,Unknown,,"Développeur C++ / Algo Descriptif du poste : eXalt IT, spécialisée sur les métiers du Software Engineering, forte d’une communauté de 100 développeurs, recherche son/sa nouveau/elle Développeur/se C++ avec une forte appétence en algorithmie, pour aller à la conquête de nouveaux projets techniques ! Mais qui sommes-nous ?! Des passionnés de code propre, de bonnes pratiques et l’envie de progresser en continu. Des gens qui parlent TDD, DDD, multithreading, architecture hexagonale ou microservices…"
Développeur java (h/f) (CDI),CREATIVE INGENIERIE,France,,,0,Unknown,,"Poste : A la recherche d'un nouveau challenge à Nantes, ça tombe bien ! Nous recherchons actuellement nos futurs développeurs Java (H/F) pour rejoindre les projets d'un de nos clients du domaine de la grande distribution. Dans le cadre du renforcement de leurs équipes de développement, plusieurs missions pourront vous être confiées : Développement de nouvelles fonctionnalités, Maintenance de sites web, Développement d'API, Développement de micro-services, Correction des anomalies et amélioratio…"
Développeur C++QT,Adentis,"Ile-de-France, France",,,0,Unknown,,"Développeur C++ disposant d’une expérience avérée et réussie. De formation Bac 5 en École d'ingénieur ou équivalent universitaire, vous disposez d'une expérience de minimum 3 ans dans un environnement technique de développement logiciel / applications métiers. Missions : Le développement de nouvelles applications, services, outils, ou des évolutions des composants existants, dans le cadre d’un process de développement incrémental, La réalisation des tests unitaires, La rédaction des documents l…"
Développeur·se backend,Harnham,"Bordeaux, Gironde",,,0,Unknown,React,"Développeur.se backend Salaire jusqu'à 55K€ fixes 2 jours de télétravail Node.JS - React.JS - PostgreSQL L'ENTREPRISE Cette startup en forte croissance évolue dans le secteur du e-commerce. Après une brillante levée de fonds, elle souhaite agrandir son équipe tech et recrute un·e développeur·se backend pour accompagner sa croissance. LE POSTE Intégré·e à l'équipe tech, tu contribueras activement à la conception, au développement et à l'amélioration des produits B2C de l'entreprise. En fonction …"
Développeur·se TypeScript,Harnham,"Bordeaux, Gironde",,,0,Unknown,,"Développeur·se TypeScript Maximum 2 jours de télétravail Salaire jusqu'à 60K euros fixes L'ENTREPRISE Cette startup en forte croissance évolue dans le secteur du e-commerce. Après une brillante levée de fonds, elle souhaite agrandir son équipe tech et recrute un·e développeur·se TypeScript pour accompagner sa croissance. LE POSTE Intégré·e à l'équipe tech, tu contribueras activement à la conception, au développement et à l'amélioration des produits B2C de l'entreprise. En fonction de ton profil…"
Développeur.se fullstack,Harnham,"Bordeaux, Gironde",,,0,Emplois Droit,React,"DÉVELOPPEUR.SE FULLSTACK Salaire jusqu'à 60K€ fixes 2 jours de télétravail Node.JS - React.JS - PostgreSQL L'ENTREPRISE Cette startup en forte croissance évolue dans le secteur du e-commerce. Après une brillante levée de fonds, elle souhaite agrandir son équipe tech et recrute un·e développeur·se fullstack pour accompagner sa croissance. LE POSTE Intégré·e à l'équipe tech, tu contribueras activement à la conception, au développement et à l'amélioration des produits B2C de l'entreprise. En fonct…"
Développeur IHM,ALPEE,France,,,0,Unknown,,Pour l'un de nos clients annéciens nous sommes à la recherche d'un(e) Développeur IHM capable de : - Concevoir et développer des logiciels IHM et communication entre systèmes. - Déboguer et optimiser les logiciels développés. - Réaliser des essais fonctionnels et garantir la performance des solutions. - Faire de la migration vers WinCC Unified. - Travailler en équipe pour intégrer les développements aux systèmes existants. - Rédiger la documentation technique et partager les choix de conception…
Développeur web,Kolizeo,"Metz, Metz-Ville",,,0,Unknown,React,"Kolizeo est une startup qui conçoit des expériences digitales immersives pour les fans, avec des projets innovants utilisant les leviers de la gamification, du marketing intelligent et des synergies entre marque. Nous recherchons un(e) développeur(euse) web en alternance pour renforcer notre équipe tech.  Ce que tu feras : Intégration pixel-perfect de maquettes Figma en React (Next.js) avec HTML/CSS. Développement d'interfaces responsives et fluides sur mobile & desktop. Intégration de composan…"
Développeur Unity,Kolizeo,"Metz, Metz-Ville",,,0,Unknown,,"Kolizeo est une startup qui conçoit des expériences digitales immersives pour les fans, avec des projets innovants utilisant les leviers de la gamification, du marketing intelligent et des synergies entre marque. Nous recherchons un(e) développeur(euse) Unity en alternance pour renforcer notre équipe tech.  Ce que tu feras : Développement de mini-jeux et d’animations interactives sur Unity. Conception de mécaniques de gamification engageantes (badges, récompenses, feedbacks visuels). Collaborat…"
Développeur SSIS,Proxiad,"Draguignan, Var",,,0,Unknown,,"Mission Développeur SSIS confirmé – Donnez du sens à votre expertise data Vous avez au moins 4 ans d'expérience dans le traitement de données complexes, et vous souhaitez intervenir sur un projet structurant, avec une vraie dimension de transmission et d'accompagnement ? Cette mission est une belle opportunité. Proxiad , ESN à taille humaine, vous propose de rejoindre un grand compte du secteur des télécoms, dans le cadre d’un projet ambitieux autour de SQL Server 2019 et de l’orchestration de …"
Développeur Java,Meritis | B Corp™,"Ile-de-France, France",,,0,Unknown,,"Nous sommes à la recherche de développeurs Java disposant d'au moins trois années d'expérience , afin de participer à de très nombreux projets, sur une grande variété de secteurs d'activités (Luxe, Retail, Energie, Transports, Telecom, la Banque, la Finance, l'Assurance, et bien d'autres !). Vous serez notamment en charge de : Développer et maintenir des applications logicielles en utilisant Java et d'autres technologies connexes Participer à l' analyse des besoins des utilisateurs et à la conc…"
Android Développeur.se,Toporder by myPOS,"Ecully, Lyon",,,0,Emplois Informatique,,"En tant que Développeur.se Android chez Toporder , tu seras un acteur clé dans la création et l’évolution de notre nouvelle application Android. Tu seras responsable de concevoir une architecture robuste et de garantir l’adoption des meilleures pratiques en développement mobile. Si tu es passionné.e par l’écosystème Android, les défis techniques complexes, ce poste est fait pour toi. Notre Stack Android (prévisionnelle) Langage : Kotlin, Jetpack Architecture : Clean architecture Concurrence : K…"
Développeur Python,Kandi,France,,,0,Unknown,Python,"Startup ambitieuse cherche développeur Python ambitieux, structuré et efficace avec de l'expérience sur GCP. Post en full-remote. Package entre 60.000€/an et 100.000€/an selon expérience. Possibilité d'intéressement au capital.  Qui sommes-nous? Créée par une team de 3 jeunes entrepreneurs Français et financée par des Business Angels de premiers plans (fondateurs de Free, Happn, Ulule, Botify, Ubiflow, Selectra, Banque Publique d'Investissement), notre objectif est de devenir leader mondial des…"
Développeur/se C#,CARBON IT,"Neuilly-sur-Seine, Nanterre",,,0,Unknown,,"A propos de nous : CARBON est une société de conseil IT spécialisée dans l'expertise technique et les bonnes pratiques de développement (cleancode, TDD, BDD, archihexagonales). Aujourd'hui, nous sommes une communauté de 150 passionné(e)s, ayant pour valeurs l'apprentissage continu, le partage de connaissances, et une réelle soif de challenge ! Nos bureaux sont situés à Neuilly-Sur-Seine et nos missions se déroulent dans Paris intramuros et petite couronne. Ce qui nous anime ? Savoir résoudre le…"
Développeur c#,DOXALLIA,"Bozouls, Rodez",,,0,Unknown,,"Vous êtes passionné(e) par le développement en .Net C# et souhaitez intégrer un environnement agile ? Alors ce poste n’attend plus que vous ! Intégré(e) à la Squad Foundation Platform composée de 6 personnes , vous intervenez sur les missions suivantes : Mettre en place, maintenir et améliorer les piplines CI/CD ; Elaborer et mettre à jour la documentation ; Traiter les incidents et anomalies sur le périmètre (« you build it, you run it ») ; Identifier, analyser et proposer des pistes d’amélior…"
Développeur / développeuse Fullstack Javascript H/F/X (CDI),CREATIVE INGENIERIE,France,,,0,Unknown,,"Poste : Envie d’une nouvelle expérience dans la métropole lilloise ? Super ! Notre équipe de développeurs recherchent leur futur(e ) collaborateur(trice) ! Description du poste : Fine lame de l’environnement JS , vous rejoindrez notre équipe afin d’intégrer un projet client dans le domaine du retail en métropole lilloise. Voilà un aperçu de ce qui vous attend : Participer à la conception et au développement Concevoir et développer les interfaces front-end Réaliser des tests et des corrections P…"
Développeur / Développeuse Java JEE H/F/X (CDI),CREATIVE INGENIERIE,France,,,0,Unknown,,"Poste : Envie d’une nouvelle expérience dans la métropole lilloise ? Super ! Notre équipe de développeurs recherchent leur futur(e) collaborateur(trice) Java / JEE ! Description du poste : Fine lame de Java , vous rejoindrez notre équipe afin d’intégrer un projet dans le domaine du retail en métropole lilloise. Vous interviendrez sur des projets web innovants, intégrant les dernières technologies JEE directement chez nos clients. Voilà ce qui vous attend : Monter en compétences sur l'architectu…"
Développeur front-end/Développeuse front-end,VPEX-IT,"Occitanie, France",,,0,Unknown,,"Description du poste Dans le cadre d’un projet à long terme, nous recherchons un développeur fullstack spécialisé Angular / NodeJS Expérimenté pour renforcer une équipe de développement web. Vous interviendrez sur l’ensemble du cycle de développement : de l’analyse des besoins à la mise en production, en passant par la conception, le développement, les tests et l’optimisation des performances. Responsabilités Participer à l’analyse des besoins fonctionnels et techniques Concevoir et développer …"
Développeur front-end/Développeuse front-end,Mobiskill | WEFY Group,"Paris, Ile-de-France",,,0,Emplois Informatique,,"L'entreprise : Une MedTech française en forte croissance, spécialisée dans la télésurveillance cardiaque. Leur mission : aider les cardiologues à sauver des vies grâce à l’IA et à la data. Leur ambition ? Devenir le leader mondial de la télémédecine cardiaque. En tant que Développeur(se) Front-end Angular, tu participeras activement à la conception d’interfaces médicales intuitives, à fort impact, qui aident les médecins à prendre des décisions critiques, plus rapidement. Tes missions : Concevo…"
Développeur C/C++/Développeuse C/C++,Adentis,"Ile-de-France, France",,,0,Unknown,,"ADENTIS est une société de conseil en ingénierie de la R&D spécialisée dans les systèmes embarqués et les nouvelles technologies . Nous travaillons également sur des projets en IT et en cybersécurité . Nous intervenons sur des secteurs d'activités diversifiés tels que l'aéronautique, l'automobile, le ferroviaire, la TV numérique, l'électronique grand public, l'énergie, le médical et la défense. Depuis 2014, notre société se développe au niveau national et après Paris , Toulouse , Grenoble et Re…"
Développeur de big data/Développeuse de big data,Holenek Ingénierie,"Nantes, Loire-Atlantique",,,0,Unknown,,"Fiche de poste : Nous recherchons un(e) développeur BI (Data Engineer) avec des expériences significatives sur des projets stratégiques liés à l’évolution, la modernisation et l’optimisation d’un système d’information. Le Data Engineer est un acteur clé dans la mise en œuvre et la coordination des différentes initiatives de gestion des données, en assurant le lien entre les équipes métiers et IT Le Data Engineer est chargé(e) d'analyser les processus de gestion des données existants, d'identifi…"
Développeur back-end/Développeuse back-end,Visian,"Montpellier, Hérault",,,0,Unknown,,"‍ Mission : Dans le cadre d'une mission en régie chez un client du secteur bancaire, nous recherchons un(e) Développeur(euse) Back-end Java pour contribuer à la conception, au développement, aux tests, au déploiement et à la maintenance d'applications liées à la sécurité.  Responsabilités : Tu contribueras à la conception, tu affineras et prendras en charge notamment les récits sur le développement (Back, API) l'intégration, les tests, le déploiement et la maintenance d’applications développées…"
Développeur C++ embarqué/Développeuse C++ embarqué,Aleysia,France,,,0,Unknown,," Coder est une seconde nature pour toi et tu es particulièrement attiré(e) par le développement bas niveau ? Nous t'attendons de pied ferme, postule à cette offre de Développeur·se C++ ! ⬇️  Ton challenge si tu l’acceptes : La mise en place d'architectures backend complexes autant fonctionnellement que techniquement Le développement d'une nouvelle génération de fonctionnalités Le développement de nouveaux composants réutilisables et optimisés L'identification et la résolution de problématiques …"
Développeur web Java/Développeuse web Java,Nextoo,"Lille, Nord",,,0,Unknown,," Java n’a plus aucun secret pour toi et tu veux relever un nouveau challenge en tant que Développeur Back End Java-EE (F/H) en métropole lilloise ? Tu es au bon endroit pour postuler chez Nextoo ! Ton Profil ✅Tu as une expérience d’au moins 3 ans en développement backend (JAVA-EE/Spring) ✅Tu connais une ou plusieurs des BDD suivantes : PostgreSQL, Oracle, MongoDB, MariaDB ✅Tu accordes de l'importance à la qualité du code que tu produis ✅ Tu es autonome et motivé(e) par le travail en équipe  Tes…"
Développeur web Java/Développeuse web Java,Randstad Digital France,France,,,0,Unknown,,"Randstad Digital est un groupe international de Conseil & d’Ingénierie en Hautes Technologies avec un business model fondé sur une forte culture de l’innovation et une complémentarité métier entre les systèmes d’information et les systèmes industriels. Fidèle à ses 3 concepts « Vision, Exigence, Engagement », le Groupe Randstad Digital se différencie par sa capacité à innover, son exigence forte et continue de qualité et son expérience en engagements de résultats. Le Groupe optimise et accompag…"
Développeur front-end/Développeuse front-end,IoThink Solutions,"Cagnes-sur-Mer, Grasse",,,0,Unknown,,"About Us We are a leading IT software publisher specializing in cutting-edge solutions for the Internet of Things (IoT) sector. Our software solutions address major market challenges in IoT business management. By joining our team, you will contribute to game-changing solutions while collaborating with a friendly, communicative, and transparent team. Position Overview We are looking for a highly skilled and experienced Frontend Engineer to join our development team. In this role, you will play …"
Développeur de systèmes intégrés/Développeuse de systèmes intégrés,MCA,"Strasbourg, Strasbourg-Ville",,,0,Unknown,,"Basé sur Strasbourg, vous intégrez une équipe projet intervenant sur les études et le développement de solutions embarqués. Vos compétences en développement logiciel et systèmes embarqués vous permettent d’assurer : La rédaction des spécifications logicielles / documentation technique. Le choix de l’architecture logiciel. La conception et l’intégration de logiciels embarqués en C/C++. La réalisation des tests unitaires. La validation fonctionnelle des produits."
Développeur front-end/Développeuse front-end,MCA,"Strasbourg, Strasbourg-Ville",,,0,Unknown,,"Grâce à votre expérience en développement Front/Angular, votre rôle consistera d’aider au développement d’une nouvelle interface du logiciel de programmation. Vos missions : Concevoir et implémenter toutes ou partie du logiciel en fonction des spécifications fonctionnelles, Contribuer à la phase de vérification avant livraison du logiciel : écriture de cas de tests (automatiques et/ou manuel), exécution des tests, Préparer la documentation technique."
Développeur open source/Développeuse open source,Technology & Strategy,"Toulouse, Haute-Garonne",,,0,Unknown,,"Vous êtes à la recherche d'un poste d'administrateur Openstack dans le domaine du spatial ? Vous êtes au bon endroit !  Vos principales missions seront : Administrer et maintenir la plateforme OpenStack (Nova, Neutron, Cinder, etc.) Assurer la supervision, la gestion des incidents et le support aux utilisateurs Participer aux évolutions de l’infrastructure (intégration de nouvelles fonctionnalités, montée de version) Collaborer avec les équipes projet pour le déploiement d’environnements cloud …"
Développeur C#.NET,Experis France,"Blois, Loir-et-Cher",,,0,Unknown,,Nous recherchons un Développeur C#.NET (H/F) pour l'un de nos clients basé à Blois . YOUR DAILY LIFE Œuvrer à la production des logiciels. Sécuriser le développement en appliquant les normes basées notamment sur OWASP. Veiller à la mise en place de bonnes pratiques de développement du code. Aider les développeurs à maitriser les outils de déploiement Collaborer sur l’interface et son architecture sur plusieurs supports Contribuer à l'architecture logicielle du projet Assurer la maintenance des …
Développeur Python Senior,Sander,"Paris, Ile-de-France",,,0,Unknown,"Python, React","Lead Développeur Python - LegalTech Nous recherchons un Lead Développeur Python Django / ReactJS talentueux et motivé pour rejoindre les équipes techniques de notre partenaire actif dans le secteur de la LegalTech. Vous serez un acteur clé dans la création de solutions innovantes destinées à moderniser et transformer le domaine juridique à travers la technologie. Si vous êtes passionné par la tech et souhaitez contribuer à une révolution numérique du secteur juridique, ce poste est fait pour vo…"
Développeur(se) UX/UI,Bien'ici,"Paris, Ile-de-France",,,0,Unknown,,"Rejoindre Bien’ici, c’est rejoindre le trublion de l’immobilier ! Né en 2015, Bien’ici dépoussière la recherche immobilière et vise à devenir le leader des portails immobiliers en France. Notre mission est simple : provoquer des rencontres autour de projets immobiliers entre particuliers et professionnels, en offrant une expérience simplifiée, immersive et personnalisée qui permette aux utilisateurs de se projeter dans leur futur quotidien. Grâce à notre technologie unique et des fonctionnalité…"
Développeur.se Python/Angular,5 Degrés,France,,,0,Unknown,,"5 Degrés Toulouse est une agence de conseil à taille humaine spécialisée dans le produit digital. Basés à Toulouse depuis trois ans, nous accompagnons nos clients de divers secteurs d'activités (santé, aéronautique, automobile, grande distribution) à la fois en BtoB et BtoC. Organisés en cinq practices, nous couvrons intégralement la chaîne de création d'un produit digital : Product Management, Product Design, Product Development, Product Quality, Product Data Notre ambition : devenir un acteur…"
Développeur.se .NET/Angular,5 Degrés,France,,,0,Unknown,,"5 Degrés Toulouse est une agence de conseil à taille humaine spécialisée dans le produit digital. Basés à Toulouse depuis trois ans, nous accompagnons nos clients de divers secteurs d'activités (santé, aéronautique, automobile, grande distribution) à la fois en BtoB et BtoC. Organisés en cinq practices, nous couvrons intégralement la chaîne de création d'un produit digital : Product Management, Product Design, Product Development, Product Quality, Product Data Notre ambition : devenir un acteur…"
Developpeur-se Java /Angular,Capgemini,"Bordeaux, Gironde",,,0,Unknown,,"Chez Sogeti, la technologie coule dans nos veines. C’est cet intérêt pour la technologie qui nous guide au quotidien et qui est reflété dans notre slogan « Made In Tech ». Grâce à notre passion commune pour la technologie, à notre culture entrepreneuriale et à l'importance que nous accordons à la formation continue, nous mettrons tout en œuvre pour vous accompagner à libérer votre plein potentiel. Vos missions : En tant que développeur FullStack au sein d‘une équipe de 20 à 30 personnes, vos re…"
Développeur Vue.js,Daveo,France,,,0,Unknown,,"Daveo est un cabinet de conseil spécialisé dans les domaines du product management, de la technologie et du cloud. Fondé en 2008, Daveo a bâti sa réputation sur une culture d’entreprise forte axée sur la réussite collective. Voici quelques points clés à propos de Daveo : Innovation et Collaboration : Daveo allie amour de l’innovation et état d’esprit collaboratif pour offrir des solutions de pointe à ses clients. Expertise : Daveo est un pure player du product management, de la tech et du cloud…"
Développeur·se B.I,ADERE,"Aubière, Clermont-Ferrand",,,0,Unknown,,"ADERE est une Centrale de Référencement Associative, de plus de 30 ans d’existence, bénéficiant d’une couverture nationale, et agissant en proximité auprès de ses Adhérents en leur permettant d’optimiser leur processus d’achat et de réaliser des économies afin de dédier ce temps à l’accompagnement des résidents. ADERE en quelques chiffres c’est : 90 salariés (doublé en 5 ans) 7 600 Adhérents issus du secteur de l’Economie Sociale et Solidaire (50% en 5 ans) Plus de 180 fournisseurs et 80 gammes…"
Développeur.se Full Stack,Listen too,"Lille, Nord",,,0,Unknown,," Imagines un lieu où ta voix compte autant que tes compétences… Chez Listen too, nous sommes convaincus que l’écoute est indissociable du progrès. Cultivée au quotidien, elle devient un catalyseur de croissance et de réussite, tant pour l’entreprise que pour ses collaborateur·rice·s. Listen too est une agence conseil spécialisée depuis 2013 dans la digitalisation de la Relation Client & Collaborateur. Grâce à la justesse de l’accompagnement offert à nos clients comme à nos consultant·e·s, nous …"
Développeuse/Développeur Front Javascript Lyon,Webnet,"Lyon, Rhône",,,0,Unknown,"JavaScript, React","Serez-vous notre prochain Dragonnier ? Rejoignez notamment Amine, Aurélien et Benjamin afin de renforcer notre équipe avec un(e) vrai(e) passionné(e) du développement. Pour cela notre futur(e) collègue maitrise grâce à ses expériences précédentes le socle initial suivant : · ReactJS et/ou Vue.JS (4 ans d’expérience minimum) · Mais également le JavaScript , TypeScript (POO, design patterns, optimisation des performances, EcmaScript…) · HTML/CSS et les outils récents : LESS, Brunch, Webpack, Boot…"
