titre_metier,entreprise,salaire,contract,remote,ville
Deep Tech & Innovation Consulting Intern,HELLO TOMORROW,"1,1K √† 1,5K ‚Ç¨ par mois",Stage,T√©l√©travail fr√©quent,Paris
Tech Lead Data H/F,KLINT,60K √† 75K ‚Ç¨,CDI,T√©l√©travail fr√©quent,Levallois-Perret
Tech Lead .Net - Cloud F/H,ORANGE,45K √† 60K ‚Ç¨,CDI,T√©l√©travail fr√©quent,Massy
Tech Lead Java - React/js ou Vue.js H/F,DAVEO,45K √† 50K ‚Ç¨,CDI,T√©l√©travail fr√©quent,Lille
Account Executive - Tech,IGNITION PROGRAM,70K √† 80K ‚Ç¨,CDI,T√©l√©travail fr√©quent,Paris
Consultant.e Product Manager Tech,IKXO,45K √† 65K ‚Ç¨,CDI,,Paris
Tech Lead Fullstack Java-JS H/F,VADUO,45K √† 75K ‚Ç¨,CDI,T√©l√©travail fr√©quent,Lille
Tech Lead Backend Java H/F,VADUO,45K √† 75K ‚Ç¨,CDI,T√©l√©travail fr√©quent,Lille
Tech Lead Data F/H,GROUPE SII,40K √† 50K ‚Ç¨,CDI,,Le Mans
Tech Talent Acquisition specialist - CDI - Paris,STOCKLY,38K √† 45K ‚Ç¨,CDI,,Paris
Tech Lead Data (H/F),TH√âLIO,45K √† 60K ‚Ç¨,CDI,T√©l√©travail fr√©quent,Lyon
Tech Lead / Data Architect (H/F),TH√âLIO,50K √† 65K ‚Ç¨,CDI,T√©l√©travail fr√©quent,Toulouse
Tech Lead / Data Architect (H/F),TH√âLIO,50K √† 65K ‚Ç¨,CDI,T√©l√©travail fr√©quent,Bordeaux
Tech Lead (F/H),GROUPE LA CENTRALE,55K √† 60K ‚Ç¨,CDI,T√©l√©travail fr√©quent,Paris
LEAD TECH JAVA & IA H/F,VIRTUALEXPO,50 √† 55 ‚Ç¨,CDI,T√©l√©travail fr√©quent,Marseille
Tech Lead H/F,FIGARO CLASSIFIEDS,60K √† 70K ‚Ç¨,CDI,T√©l√©travail fr√©quent,Paris
Tech Lead GED Nuxeo (50% t√©l√©travail) F/H,EDF,47K √† 70K ‚Ç¨,CDI,T√©l√©travail fr√©quent,Nanterre
Business developer / tech recruteur Freelance H/F - full T√©l√©travail,BLUECODERS,60K √† 200K ‚Ç¨,Freelance,T√©l√©travail total,"Lille ¬∑ Bordeaux ¬∑ Lyon‚Ä¶Voir plus
+4"
Tech lead Java,EASY PARTNER,45K √† 55K ‚Ç¨,CDI,T√©l√©travail fr√©quent,Lyon
Tech lead Confirm√©.e F/H,FASST,40K √† 52K ‚Ç¨,CDI,T√©l√©travail total,"Nantes ¬∑ Marseille‚Ä¶Voir plus
+23"
Tech lead S√©nior F/H,FASST,48K √† 60K ‚Ç¨,CDI,T√©l√©travail total,"Nantes ¬∑ Marseille‚Ä¶Voir plus
+23"
Tech Lead SRE F/H,ORANGE,40K √† 45K ‚Ç¨,CDI,T√©l√©travail fr√©quent,Villejuif
Tech Lead fullstack F/H,ORANGE,35K √† 50K ‚Ç¨,CDI,T√©l√©travail fr√©quent,Cesson-S√©vign√©
D√©veloppeur Full-stack pour notre tech lab,KARETIS,42K √† 52K ‚Ç¨,CDI,T√©l√©travail fr√©quent,Lyon ¬∑ Neuilly-sur-Seine
Tech Lead Back-end H/F,MANUTAN,60K √† 70K ‚Ç¨,CDI,T√©l√©travail fr√©quent,Gonesse
Tech lead Java (F/H) - Tours,GROUPE SII,35K √† 50K ‚Ç¨,CDI,,Tours
Tech lead Java (H/F),GROUPE SII,35K √† 50K ‚Ç¨,CDI,T√©l√©travail fr√©quent,Niort
Tech informatique alternance bts sio (H/F),ESUP,,Alternance,,Puteaux
Lead tech Java F/H,INOCO,60K √† 72K ‚Ç¨,CDI,,Paris
Lead Tech C# .NET Cloud Azure H/F,COLIBRI,55K √† 68K ‚Ç¨,CDI,T√©l√©travail fr√©quent,Lyon ¬∑ Boulogne-Billancourt
Tech Lead Node.JS- BFF (H/F),THE ONE STUDIO,52K √† 61K ‚Ç¨,CDI,T√©l√©travail fr√©quent,Paris
Tech Lead Java (senior),EXALT,47K √† 57K ‚Ç¨,CDI,T√©l√©travail fr√©quent,Bordeaux
Senior Consultant - Deep Tech & Innovation,HELLO TOMORROW,52K √† 56K ‚Ç¨,CDI,T√©l√©travail fr√©quent,Paris
Tech lead / Software Python video player,BLUECODERS,1 √† 1‚ÄØ000 ‚Ç¨,CDI,T√©l√©travail total,Paris
Lead Tech Java (F/H) - Nantes,GROUPE SII,42K √† 50K ‚Ç¨,CDI,,Nantes
Tech Lead Vue.js 3 - (H/F),THE ONE STUDIO,55K √† 68K ‚Ç¨,CDI,T√©l√©travail fr√©quent,Issy-les-Moulineaux
Chef de Secteur High Tech H/F,CPM FRANCE,"1,9K √† 2,1K ‚Ç¨ par mois",CDI,,Marseille
Alternance : Charg√©¬∑e de partenariats tech √† partir de Septembre 2025,SHARE IT,"1,5K ‚Ç¨ par mois",Alternance,T√©l√©travail fr√©quent,Paris
Senior Backend Engineer - Tech Lead F/H,CYIM,45K √† 55K ‚Ç¨,CDI,T√©l√©travail fr√©quent,Rennes
Tech Recruiter / Business Developer - CDI - H/F - Paris,KATCHME,30K √† 45K ‚Ç¨,CDI,,Paris
Tech Lead C++ H/F,GROUPE SII,55K √† 65K ‚Ç¨,CDI,T√©l√©travail fr√©quent,La D√©fense
Tech Lead ASP.NET Core MVC - P√¥le Collectivit√©,BERGER-LEVRAULT,50K √† 60K ‚Ç¨,CDI,T√©l√©travail fr√©quent,La Chapelle-sur-Erdre
Tech Lead Java (F/H),GROUPE SII,40K √† 50K ‚Ç¨,CDI,,Lille
Tech Lead JAVA H/F,GROUPE SII,35K √† 45K ‚Ç¨,CDI,T√©l√©travail fr√©quent,Strasbourg
Lead Tech Vue.JS H/F,GROUPE SII,35K √† 45K ‚Ç¨,CDI,,Brest
Tech Lead SAP - H/F,AUGUSTA REEVES GROUP,60K √† 65K ‚Ç¨,CDI,,Paris
Tech Lead Front End (H/F),LINK CONSULTING,38K √† 42K ‚Ç¨,CDI,T√©l√©travail total,Rodez
Tech Lead Devops - expert Ansible,GROUPE SII,65K √† 68K ‚Ç¨,CDI,,La D√©fense
Tech Lead JAVA (H/F),APSIDE,50K √† 65K ‚Ç¨,CDI,,Aix-en-Provence
Technicien(e) approvisionnement LEAB F/H,AUCHAN,"27,9K ‚Ç¨",CDI,,Villeneuve-d'Ascq
Technicien de maintenance F/H,AUCHAN,27K √† 30K ‚Ç¨,CDI,,Beauvais
Technico-commercial Pest control H/F,ELIS,40K √† 55K ‚Ç¨,CDI,,Rouen
Technicien de maintenance en alternance F/H,AUCHAN,"12,7K √† 15,9K ‚Ç¨",Alternance,,Illkirch-Graffenstaden
Technicien de maintenance F/H,AUCHAN,"25K √† 26,5K ‚Ç¨",CDI,,Illkirch-Graffenstaden
"Technicien de maintenance confirm√© (F/H), P√¥le H√¥telier",EVIAN RESORT,"2,4K ‚Ç¨ par mois",CDI,,√âvian-les-Bains
Chef de Projet Technique (H/F),LINK CONSULTING,60K √† 70K ‚Ç¨,CDI,T√©l√©travail fr√©quent,Niort
Chef de Projet Technique (H/F),LINK CONSULTING,60K √† 70K ‚Ç¨,CDI,T√©l√©travail fr√©quent,Poitiers
Ing√©nieur Donn√©es Techniques H/F,TAKOMA,35K √† 37K ‚Ç¨,CDI,,M√©rignac
Directeur technique H/F,VIAXOFT,70K √† 90K ‚Ç¨,CDI,T√©l√©travail fr√©quent,Marseille
üöÄ Chef.fe de Projet Technique/Int√©gration - Paris,BEEDEEZ,‚â• 52K ‚Ç¨,CDI,,Paris
Alternance - Technicien Excellence Op√©rationnelle F/H,FRAMATOME,990 √† 1‚ÄØ441 ‚Ç¨ par mois,Alternance,,Grenoble
Technicienne/Technicien instrumentation/mesures F/H,EDF,30K √† 35K ‚Ç¨,CDI,,Saint-Vulbas
Technicien Essais H/F,EXPLEO,27K ‚Ç¨,CDI,,M√©rignac
Technicien de Mesure d'Equipement Electronique Num√©rique - Spatial H/F,EXPLEO,27K ‚Ç¨,CDI,T√©l√©travail fr√©quent,Toulouse
Technicien de laboratoire - distribution et approvisionnement stock central CDD Strasbourg F/H,ETABLISSEMENT FRAN√áAIS DU SANG,20K √† 30K ‚Ç¨,CDD / Temporaire,,Strasbourg
Ing√©nieur Technico-Commercial Itin√©rant - Menuiserie M√©tallique (F/H),DESCOURS & CABAUD,40K √† 45K ‚Ç¨,CDI,,Bonneuil-sur-Marne
Technicien essai H/F,DELABIE [FR],32K √† 35K ‚Ç¨,CDI,,Friville-Escarbotin
Technicien de laboratoire en th√©rapie cellulaire Saint Laurent du var F/H,ETABLISSEMENT FRAN√áAIS DU SANG,20K √† 30K ‚Ç¨,CDD / Temporaire,,Saint-Laurent-du-Var
Technicien de laboratoire IH D√©livrance Avignon F/H,ETABLISSEMENT FRAN√áAIS DU SANG,20K √† 30K ‚Ç¨,CDD / Temporaire,,Avignon
Technicien automatisme HF,NORMANDISE PET FOOD,30K √† 35K ‚Ç¨,CDI,,Vire Normandie
Technicien ordonnateur au sein du service achat,LA S√âCURIT√â SOCIALE,"26,8K ‚Ç¨",CDD / Temporaire,,Poitiers
Technicien logistique H/F,LA S√âCURIT√â SOCIALE,26‚ÄØ845 √† 26‚ÄØ846 ‚Ç¨,CDI,,√âvry-Courcouronnes
1 Technicien(cienne) de facturation (F/H) - CDD Temps plein,LA S√âCURIT√â SOCIALE,28K ‚Ç¨,CDD / Temporaire,,Coubert
Technicien ordonnateur au sein du service achat,LA S√âCURIT√â SOCIALE,"26,8K ‚Ç¨",CDD / Temporaire,,Poitiers
Technicien logistique H/F,LA S√âCURIT√â SOCIALE,26‚ÄØ845 √† 26‚ÄØ846 ‚Ç¨,CDI,,√âvry-Courcouronnes
Technicien(ne) Traitement de l'Information (H/F),LA S√âCURIT√â SOCIALE,1‚ÄØ917 √† 1‚ÄØ918 ‚Ç¨ par mois,CDD / Temporaire,,√âvry-Courcouronnes
Technicien-ne Atelier (H/F) - CDI 35h √† partir de juillet,DECATHLON,"1,8K √† 2K ‚Ç¨ par mois",CDI,,Scionzier
Conseiller-√®re Vente Technicien-ne Atelier (H/F),DECATHLON,"1,7K ‚Ç¨ par mois",CDD / Temporaire,,Montreuil
Conseiller-√®re Vente Technicien-ne (H/F),DECATHLON,"1,7K ‚Ç¨ par mois",CDI,,Saint-Pierre-d'Ol√©ron
Technicien ordonnateur au sein du service achat,LA S√âCURIT√â SOCIALE,"26,8K ‚Ç¨",CDD / Temporaire,,Poitiers
Assistant technique polyvalent (H/F),ACTUAL GROUP,"2K √† 2,5K ‚Ç¨ par mois",CDI,,Eaubonne
Technicien logistique H/F,LA S√âCURIT√â SOCIALE,26‚ÄØ845 √† 26‚ÄØ846 ‚Ç¨,CDI,,√âvry-Courcouronnes
Technicien m√©canique (H/F),"AGENCES D'EMPLOI : G√âN√âRALISTE, SP√âCIALIS√âE ET INSERTION",30K √† 40K ‚Ç¨,CDI,,Combeaufontaine
Technicien sur chariots (H/F),"AGENCES D'EMPLOI : G√âN√âRALISTE, SP√âCIALIS√âE ET INSERTION",25K √† 35K ‚Ç¨,CDI,,Geispolsheim
Technicien m√©canique sur chariots (H/F),"AGENCES D'EMPLOI : G√âN√âRALISTE, SP√âCIALIS√âE ET INSERTION",25K √† 35K ‚Ç¨,CDI,,Biesheim
Technicien de maintenance √† cestas (H/F),"AGENCES D'EMPLOI : G√âN√âRALISTE, SP√âCIALIS√âE ET INSERTION",30K √† 35K ‚Ç¨,CDI,,Cestas
Alternance - Technicien Domotique / Visioconf√©rence (H/F),MOTILDE,500 √† 1‚ÄØ400 ‚Ç¨ par mois,Alternance,T√©l√©travail fr√©quent,Paris
Designer Graphique PowerPoint ‚Äì Expert.e Technique,MPREZ¬Æ,34K √† 36K ‚Ç¨,CDI,T√©l√©travail fr√©quent,Bordeaux ¬∑ Lisboa ¬∑ Paris
Leader technique Drupal H/F,KLEE GROUP,50K √† 55K ‚Ç¨,CDI,,"Nantes ¬∑ Lyon‚Ä¶Voir plus
+3"
Leader technique Ibexa H/F,KLEE GROUP,50K √† 55K ‚Ç¨,CDI,,"Nantes ¬∑ Lyon‚Ä¶Voir plus
+3"
Technicien Helpdesk H/F,KLEE GROUP,3K √† 35K ‚Ç¨,CDI,,Le Plessis-Robinson
Ing√©nieur Bureau Etudes Technique Eoliens F/H - CDI - Paris,Q ENERGY FRANCE,,CDI,T√©l√©travail fr√©quent,Courbevoie
Responsable Technique H/F,EKLO HOTELS,45K √† 48K ‚Ç¨,CDI,,Vanves
Technicien de maintenance F/H F/H,VINCI ENERGIES EN FRANCE,25K √† 35K ‚Ç¨,CDI,,Par√ßay-Meslay
Technico commercial(e) en alternance (H/F),ESUP,5K √† 15K ‚Ç¨,Alternance,,Lyon
Technicien itin√©rant polyvalent ventilation/ma√Ætrise des nuisibles H/F,AVIPUR,"2,2K √† 2,5K ‚Ç¨ par mois",CDI,,Gap
Technicien informatique - Gestionnaire de parc F/H,G√âN√âRALE FRIGORIFIQUE FRANCE,26K √† 28K ‚Ç¨,CDI,T√©l√©travail fr√©quent,Saint-Bonnet-de-Mure
Technicien de maintenance F/H,AUCHAN,"25K √† 26,5K ‚Ç¨",CDI,,Villeneuve-d'Ascq
Technicien(e) approvisionnement EEGP F/H,AUCHAN,"27,9K ‚Ç¨",CDI,,Villeneuve-d'Ascq
Alternant en ing√©nierie techno p√©dagogique (H/F),EFREI,"9,3K √† 16,9K ‚Ç¨",Alternance,,Villejuif
Technico commercial s√©dentaire (Grands Comptes) CVC H/F,FRANCE AIR,32K √† 35K ‚Ç¨,CDI,,Colombes
Ing√©nieure ou Ing√©nieur R&D technologies de batteries F/H,EDF,45K √† 65K ‚Ç¨,CDI,,Moret-Loing-et-Orvanne
Technicien ou technicienne Mat√©riels Electriques F/H,EDF,"26,5K √† 31,7K ‚Ç¨",CDI,,Moret-Loing-et-Orvanne
Technical Product Owner H/F,DAVEO,40K √† 50K ‚Ç¨,CDI,T√©l√©travail fr√©quent,Lille
R√©f√©rent technique F/H,LABEL CO-PILOTES (L‚ÄôALLIANCE DES EXPERTS-COMPTABLES IND√âPENDANTS),40K √† 50K ‚Ç¨,CDI,,Grenoble
Consultant en architecture technique & cloud H.F,ENIOKA CONSEIL,45K √† 70K ‚Ç¨,CDI,T√©l√©travail fr√©quent,Paris
Support Technique H/F,EXPLEO,26K ‚Ç¨,CDI,,Toulouse
Support Technique H/F,EXPLEO,28K ‚Ç¨,CDI,,Toulouse
Technicien Syst√®mes & R√©seaux F/H,ELCIA GROUPE,‚â• 28K ‚Ç¨,CDI,,Brignais
Technicien Validation Automobile Powertrain H/F,EXPLEO,28K ‚Ç¨,CDI,T√©l√©travail fr√©quent,Montigny-le-Bretonneux
Technicien de production F/H,ETABLISSEMENT FRAN√áAIS DU SANG,20K √† 30K ‚Ç¨,CDI,,Poitiers
Technicien de laboratoire IH D√©livrance Nice Pasteur F/H,ETABLISSEMENT FRAN√áAIS DU SANG,20K √† 30K ‚Ç¨,CDI,,Nice
Technicien de maintenance H/F,MAPEI FRANCE,35K √† 40K ‚Ç¨,CDI,T√©l√©travail fr√©quent,Saint-Vulbas
Technico Commercial S√©dentaire - Quincaillerie de Batiment (F/H),DESCOURS & CABAUD,25K √† 30K ‚Ç¨,CDI,,Mondeville
Agent Technique H/F,COALLIA,"2,1K √† 2,3K ‚Ç¨ par mois",CDI,,Tours
Agent Technique H/F,COALLIA,"2K √† 2,1K ‚Ç¨ par mois",CDI,,Poitiers
Technicien-ne Atelier (H/F) - Temps partiel,DECATHLON,"1,8K ‚Ç¨ par mois",CDI,,Pontault-Combault
Technicien-ne Atelier (H/F) Cycle Juillet - Ao√ªt,DECATHLON,"1,8K ‚Ç¨ par mois",CDD / Temporaire,,Haguenau
Gestionnaire Technicien √©ditique H/F,LA S√âCURIT√â SOCIALE,"2K √† 2,3K ‚Ç¨ par mois",CDD / Temporaire,,Grentheville
Technicien(ne) Traitement de l'Information (H/F),LA S√âCURIT√â SOCIALE,1‚ÄØ917 √† 1‚ÄØ918 ‚Ç¨ par mois,CDD / Temporaire,,√âvry-Courcouronnes
Technicien logistique H/F,LA S√âCURIT√â SOCIALE,26‚ÄØ845 √† 26‚ÄØ846 ‚Ç¨,CDI,,√âvry-Courcouronnes
Technicien-ne Atelier (H/F) CDD ETE,DECATHLON,"1,7K ‚Ç¨ par mois",CDD / Temporaire,,Vannes
Technicien service desk (H/F),"AGENCES D'EMPLOI : G√âN√âRALISTE, SP√âCIALIS√âE ET INSERTION",22K √† 25K ‚Ç¨,CDI,,Theix-Noyalo
Technicien helpdesk (H/F),"AGENCES D'EMPLOI : G√âN√âRALISTE, SP√âCIALIS√âE ET INSERTION",22K √† 25K ‚Ç¨,CDI,,Chartres
Technical Account Manager,SIRDATA,36K √† 45K ‚Ç¨,CDI,T√©l√©travail fr√©quent,Paris
Technico commercial F/H,WALTER LEARNING,21K √† 35K ‚Ç¨,CDI,,Marseille
Technico commercial F/H,WALTER LEARNING,27K √† 45K ‚Ç¨,CDI,,Marseille
Technico commercial F/H,WALTER LEARNING,27K √† 45K ‚Ç¨,CDI,,Aix-en-Provence
Technicien helpdesk (H/F),"AGENCES D'EMPLOI : G√âN√âRALISTE, SP√âCIALIS√âE ET INSERTION",22K √† 25K ‚Ç¨,CDI,,La Courneuve
Technico-commercial H/F - Secteur Rh√¥ne-Alpes,JOBGLOBER,60K √† 80K ‚Ç¨,CDI,T√©l√©travail total,"Marseille‚Ä¶Voir plus
+5"
Technicien d'affaires F/H,VINCI ENERGIES EN FRANCE,41K √† 55K ‚Ç¨,CDI,,Ancenis-Saint-G√©r√©on
Admissions Techniciens (freelance),LA SOLIVE,160 √† 154 ‚Ç¨ par jour,Freelance,T√©l√©travail total,Paris
Technicien de maintenance F/H,VINCI ENERGIES EN FRANCE,28K √† 34K ‚Ç¨,CDI,,H√©ricourt
Technicien.ne Halieute & Mammif√®res Marins,SINAY,"22,5K √† 24,5K ‚Ç¨",CDD / Temporaire,,Brest ¬∑ Lorient ¬∑ Caen
Technicien.ne √©lectrom√©nager senior,UNDERDOG,"24,4K √† 28,2K ‚Ç¨",CDI,,Nantes
Technicien.ne √©lectrom√©nager (H/F),UNDERDOG,"‚â• 24,4K ‚Ç¨",CDI,,Nantes
Technicien(ne) de maintenance industrielle H/F,ELIS,25K √† 30K ‚Ç¨,CDI,,Chuzelles
TECHNICIEN SUPPORT N1 (H/F),LINK CONSULTING,175 √† 225 ‚Ç¨ par jour,Freelance,T√©l√©travail total,Luc-la-Primaube
TECHNICIEN SUPPORT N1 (H/F),LINK CONSULTING,175 √† 225 ‚Ç¨ par jour,Freelance,T√©l√©travail total,Maz√®res
Leader Technique - H/F,FRANCE TRAVAIL DSI (DIRECTION DES SYST√àMES D'INFORMATION),40K √† 50K ‚Ç¨,CDI,T√©l√©travail fr√©quent,Lyon ¬∑ Montreuil
Technicien d'essai √©lectronique/√©lectrotech,GROUPE CNPP,25K √† 30K ‚Ç¨,CDI,,Saint-Marcel
Technicien de maintenance op√©rationnelle SPAC F/H,FRAMATOME,30K √† 40K ‚Ç¨,CDI,,Romans-sur-Is√®re
Technicien documentaire et m√©thode F/H,FRAMATOME,30K √† 40K ‚Ç¨,CDI,,Lyon
Technico-commercial itin√©rant CVC (Zone Afrique) - H/F,FRANCE AIR,32K √† 36K ‚Ç¨,CDI,T√©l√©travail fr√©quent,La Penne-sur-Huveaune
Technicienne / Technicien de recherche m√©canique F/H,EDF,"26,5K √† 31,7K ‚Ç¨",CDI,,Moret-Loing-et-Orvanne
Technico commercial s√©dentaire CVC H/F,FRANCE AIR,28K √† 32K ‚Ç¨,CDI,,Nantes
Technico commercial s√©dentaire CVC H/F,FRANCE AIR,28K √† 32K ‚Ç¨,CDI,,Rennes
Responsable Technique de Contrat Logistique F/H,EDF,"40,7K √† 49,3K ‚Ç¨",CDI,,Lyon
Technicien r√©seaux et t√©l√©phonie F/H,EIFFAGE √âNERGIE SYST√àMES,25K √† 38K ‚Ç¨,CDI,,Ytrac
Technicien Navigabilit√© CAMO H/F,EXPLEO,30K ‚Ç¨,CDI,T√©l√©travail fr√©quent,Vitrolles
